Módulo,Nome do Módulo,Tabela,Qtd Campos,Qtd Relacionamentos
ADM,Administração do Sistema,ADM_APROVADORESPRORROGATAREFA,5,3
ADM,Administração do Sistema,ADM_CONSULTAS,7,0
ADM,Administração do Sistema,ADM_CONSULTAUSUARIOFILTROS,4,0
ADM,Administração do Sistema,ADM_CONSULTAUSUARIOVALORES,6,0
ADM,Administração do Sistema,ADM_USUARIONOTIFICACOES,5,0
ADM,Administração do Sistema,ADM_VERSOESBASE,7,0
ADMW,Administração Workflow,ADMW_DUPLICARCONSULTA,3,0
AE,Avaliação de Escritórios,AE_AVALIACAOCREDENCIADO,15,4
AE,Avaliação de Escritórios,AE_AVALIACAOCREDENCIADORESPONS,5,1
AE,Avaliação de Escritórios,AE_AVALIACAODEESCRITORIOS,9,2
AE,Avaliação de Escritórios,AE_CREDENCIADOSAVALIACAO,9,1
AE,Avaliação de Escritórios,AE_NOTASINDICADORES,16,2
AE,Avaliação de Escritórios,AE_NOTASUBJETIVAS,15,6
AE,Avaliação de Escritórios,AE_RESPADVOGADOINDICADORSUB,7,2
AG,Agenda,AG_COMPROMISSOS,24,4
AG,Agenda,AG_COMPROMISSOUSUARIOS,29,1
AG,Agenda,AG_CONFIGURACOES,25,0
AG,Agenda,AG_GRUPOS,3,0
AU,Autenticação,AU_TOKEN,6,0
AV,Avaliação,AV_CONFIGURACOES,3,0
AV,Avaliação,AV_LOGMONITOR,8,1
AV,Avaliação,AV_SUGESTOES,4,0
BAIRROS,Localização,BAIRROS,6,2
BI,Business Intelligence,BI_CONSULTASEXPORTADAS,16,1
BL,Biblioteca,BL_ASSUNTOITEMAUTORES,7,2
BL,Biblioteca,BL_ASSUNTOITEMMOVIMENTOS,14,1
BL,Biblioteca,BL_ASSUNTOITENS,15,5
BL,Biblioteca,BL_ASSUNTOS,1,0
BL,Biblioteca,BL_AUTORES,2,0
BL,Biblioteca,BL_AUTORITEMASSUNTOS,5,2
BL,Biblioteca,BL_CATALOGACAO,6,1
BL,Biblioteca,BL_COLECOES,2,0
BL,Biblioteca,BL_DOCUMENTOIMAGENS,5,1
BL,Biblioteca,BL_DOCUMENTOS,12,1
BL,Biblioteca,BL_EDITORAS,15,4
BL,Biblioteca,BL_ESTRUTURADOCUMENTOS,4,1
BL,Biblioteca,BL_ITENS,22,6
BL,Biblioteca,BL_MIDIAS,2,0
BL,Biblioteca,BL_MOTIVOINATIVACAO,2,0
BL,Biblioteca,BL_OUTROSDOCUMENTOS,6,1
BL,Biblioteca,BL_PESSOASITENSEMATRASO,3,1
BL,Biblioteca,BL_TIPODOCUMENTOS,2,0
BL,Biblioteca,BL_TIPOMOVIMENTOITENS,6,0
BL,Biblioteca,BL_TIPOMOVIMENTOS,5,0
CA,Cálculo Trabalhista,CA_BASECALCULOPEDIDOS,9,6
CA,Cálculo Trabalhista,CA_BASECALCULOS,2,0
CA,Cálculo Trabalhista,CA_BASECALCULOVERBAS,5,1
CA,Cálculo Trabalhista,CA_CALCULOACORDODEDUCOES,16,3
CA,Cálculo Trabalhista,CA_CALCULOACORDOINSS,36,12
CA,Cálculo Trabalhista,CA_CALCULOACORDOIR,1,0
CA,Cálculo Trabalhista,CA_CALCULOACORDOS,14,5
CA,Cálculo Trabalhista,CA_CALCULOACORDOVALORES,18,3
CA,Cálculo Trabalhista,CA_CALCULOADVERSOINSS,18,10
CA,Cálculo Trabalhista,CA_CALCULOADVERSOIR,21,4
CA,Cálculo Trabalhista,CA_CALCULOATUALIZACAOINSS,17,9
CA,Cálculo Trabalhista,CA_CALCULOATUALIZACAOIR,14,2
CA,Cálculo Trabalhista,CA_CALCULOATUALIZACAOVALORES,12,4
CA,Cálculo Trabalhista,CA_CALCULOATUALIZACOES,28,7
CA,Cálculo Trabalhista,CA_CALCULODESDOBRAMENTOS,9,3
CA,Cálculo Trabalhista,CA_CALCULOPEDIDOSCALCULADOS,7,3
CA,Cálculo Trabalhista,CA_CALCULOREFLEXOS,37,9
CA,Cálculo Trabalhista,CA_CALCULOS,9,4
CA,Cálculo Trabalhista,CA_CALCULOVALORES,41,7
CA,Cálculo Trabalhista,CA_CCTGRUPOS,2,0
CA,Cálculo Trabalhista,CA_CCTVERBAS,2,0
CA,Cálculo Trabalhista,CA_CCTVERBASVALORES,20,0
CA,Cálculo Trabalhista,CA_CONFIGURACAOADVERSOS,18,4
CA,Cálculo Trabalhista,CA_CONFIGURACAOFICHAFINANCEIRA,6,3
CA,Cálculo Trabalhista,CA_CONFIGURACAOPEDIDOS,31,7
CA,Cálculo Trabalhista,CA_CONFIGURACOES,23,12
CA,Cálculo Trabalhista,CA_COPIACALCULODESDOBRAMENTOS,3,0
CA,Cálculo Trabalhista,CA_DESDOBRAMENTOS,3,0
CA,Cálculo Trabalhista,CA_FICHAFINANCEIRA,3,0
CA,Cálculo Trabalhista,CA_FICHAFINANCEIRAFERIAS,10,0
CA,Cálculo Trabalhista,CA_FICHAFINANCEIRAPESSOA,8,2
CA,Cálculo Trabalhista,CA_FICHAFINANCEIRAVERBAS,5,2
CA,Cálculo Trabalhista,CA_PEDIDOVERBAS,4,1
CA,Cálculo Trabalhista,CA_PEDIDOVERBASREFLEXOS,4,1
CA,Cálculo Trabalhista,CA_SEGURODESEMPREGO,3,0
CA,Cálculo Trabalhista,CA_SEGURODESEMPREGOVALORES,8,1
CA,Cálculo Trabalhista,CA_VERBASFOLHA,3,0
CB,Conciliação Bancária,CB_BANCOCONFIGURACOES,13,1
CB,Conciliação Bancária,CB_CONCILIACAOCRUZADOS,17,6
CB,Conciliação Bancária,CB_CONCILIACAODADOS,32,3
CB,Conciliação Bancária,CB_CONCILIACAODEPOSITOS,9,1
CB,Conciliação Bancária,CB_CONCILIACAODOCUMENTOS,3,0
CB,Conciliação Bancária,CB_CONCILIACAOIMPORTACOES,9,2
CB,Conciliação Bancária,CB_CONFIGURACOES,11,0
CB,Conciliação Bancária,CB_HISTORICOCONCILIACAO,10,2
CB,Conciliação Bancária,CB_REL_CONCILIACAODEP,6,1
CR,Circularização,CR_CIRCULARIZACAO,24,2
CR,Circularização,CR_CIRCULARIZACAOAUDITORIA,5,1
CR,Circularização,CR_CIRCULARIZACAODADOS,46,2
CR,Circularização,CR_CIRCULARIZACAODOCUMENTOS,10,1
CR,Circularização,CR_CONFIGURACOES,3,1
CS,Consultivo Smart,CS_CONFIGURACOESSMART,52,9
CS,Consultivo Smart,CS_CRITERIOSCONSULTSMART,83,70
CS,Consultivo Smart,CS_FILTROPARECERTAREFA,11,1
CS,Consultivo Smart,CS_SOLICITACAOACESSO,5,0
CS,Consultivo Smart,CS_TRIAGEMCONSULTIVOSMART,7,0
CS,Consultivo Smart,CS_TRIAGEMEMAILSCONFIG,0,0
CT,Contabilidade,CT_CALCULOAUDITORIA,8,0
CT,Contabilidade,CT_CALCULOCONFIGURACOES,7,2
CT,Contabilidade,CT_CALCULOCRITERIOSJURIDICOS,9,3
CT,Contabilidade,CT_CALCULOFASES,2,0
CT,Contabilidade,CT_CALCULOMOTIVOS,2,0
CT,Contabilidade,CT_CALCULOOBJETIVOS,3,0
CT,Contabilidade,CT_CALCULOSUBSIDIOS,4,1
CT,Contabilidade,CT_CALCULOTIPOAGENTES,2,0
CT,Contabilidade,CT_CALCULOTRABALHISTA,37,4
CT,Contabilidade,CT_CALCULOVERBAS,20,4
CT,Contabilidade,CT_CC,13,4
CT,Contabilidade,CT_CONFIGURACOES,21,16
CT,Contabilidade,CT_CRITERIOS,2,0
CT,Contabilidade,CT_CRITERIOVIGENCIACONTAS,33,12
CT,Contabilidade,CT_CRITERIOVIGENCIAS,6,1
CT,Contabilidade,CT_EVENTOSCONTABEIS,2,0
CT,Contabilidade,CT_MOVIMENTACAOCONTABIL,26,12
CT,Contabilidade,CT_OPERACAOCONTABIL,2,0
CT,Contabilidade,CT_OPERACAOEVENTOS,3,0
CT,Contabilidade,CT_SOLICITACAOCALCULOARQ,5,0
CT,Contabilidade,CT_SOLICITACAOCALCULOIMP,26,7
EJ,Execução Judicial,EJ_ALERTAS,3,0
EJ,Execução Judicial,EJ_ASSOCIACAOCHECKLISTCONTRATO,17,4
EJ,Execução Judicial,EJ_CERTIDAOEVENTOPROVIDENCIAS,36,7
EJ,Execução Judicial,EJ_CERTIDAOEVENTOPROVPRORROG,11,2
EJ,Execução Judicial,EJ_CERTIDAOEVENTOPROVSUGERIDAS,20,4
EJ,Execução Judicial,EJ_CERTIDAOEVENTOPROVTRANSFER,11,2
EJ,Execução Judicial,EJ_CERTIDAOEVENTOS,6,0
EJ,Execução Judicial,EJ_CERTIDAOOUTROSDOCUMENTOS,4,1
EJ,Execução Judicial,EJ_CERTIDAOPROCESSOSVINCULADOS,30,10
EJ,Execução Judicial,EJ_CERTIDOES,13,6
EJ,Execução Judicial,EJ_COBRANCA,6,3
EJ,Execução Judicial,EJ_COBRANCAANDAMENTOS,5,1
EJ,Execução Judicial,EJ_COBRANCAEVENTOS,3,0
EJ,Execução Judicial,EJ_COBRANCAVALORES,17,2
EJ,Execução Judicial,EJ_COLABORADORDATAINIEFIM,6,0
EJ,Execução Judicial,EJ_CONFIDENCIALIDADE,2,0
EJ,Execução Judicial,EJ_CONFIGURACOES,92,21
EJ,Execução Judicial,EJ_CONFIGURACOESPROJETO,3,0
EJ,Execução Judicial,EJ_CONSULTORIACOLABORADORES,4,0
EJ,Execução Judicial,EJ_CONTRATOADITIVOHISTORICOS,23,10
EJ,Execução Judicial,EJ_CONTRATOADITIVOS,71,19
EJ,Execução Judicial,EJ_CONTRATOALERTAS,18,5
EJ,Execução Judicial,EJ_CONTRATOASSINANTEOBERVADOR,4,1
EJ,Execução Judicial,EJ_CONTRATOASSINANTES,10,3
EJ,Execução Judicial,EJ_CONTRATOASSINATURAS,15,5
EJ,Execução Judicial,EJ_CONTRATOAUDITORIA,10,1
EJ,Execução Judicial,EJ_CONTRATOCLAUSULAS,46,8
EJ,Execução Judicial,EJ_CONTRATOHISTORICOADITIVOS,5,2
EJ,Execução Judicial,EJ_CONTRATOHISTORICOASSINATURA,9,4
EJ,Execução Judicial,EJ_CONTRATOINFOCOMERCIAIS,20,0
EJ,Execução Judicial,EJ_CONTRATOMOTIVOREATIVACAO,2,0
EJ,Execução Judicial,EJ_CONTRATOMOTIVORESSALVA,4,0
EJ,Execução Judicial,EJ_CONTRATOORCAMENTOS,21,9
EJ,Execução Judicial,EJ_CONTRATOPARTICIPANTES,6,3
EJ,Execução Judicial,EJ_CONTRATOREQUISITOS,10,2
EJ,Execução Judicial,EJ_CONTRATOS,168,33
EJ,Execução Judicial,EJ_CONTROLEFATURAS,20,2
EJ,Execução Judicial,EJ_ESCRITORIOSCOBRANCA,2,0
EJ,Execução Judicial,EJ_EVENTOS,3,0
EJ,Execução Judicial,EJ_FATURAPESSOASJURIDICAS,22,3
EJ,Execução Judicial,EJ_FORMAPAGAMENTOS,2,0
EJ,Execução Judicial,EJ_FUNCAOTIPOSSERVICO,3,0
EJ,Execução Judicial,EJ_FUNCOES,4,0
EJ,Execução Judicial,EJ_GPTPERGUNTAS,10,2
EJ,Execução Judicial,EJ_GRUPOALCADAINTEGRANTES,9,2
EJ,Execução Judicial,EJ_GRUPOALCADAS,2,0
EJ,Execução Judicial,EJ_INTEGRANTEREQUISITOS,5,0
EJ,Execução Judicial,EJ_MINUTACLAUSULAS,18,4
EJ,Execução Judicial,EJ_MINUTACONTMINUTAADITIVOS,3,0
EJ,Execução Judicial,EJ_MINUTAS,26,4
EJ,Execução Judicial,EJ_MINUTASITUACOESINDICADAS,2,0
EJ,Execução Judicial,EJ_MINUTATAGCONDICOES,7,0
EJ,Execução Judicial,EJ_MINUTATAGS,7,0
EJ,Execução Judicial,EJ_MOTIVOSENCERRAMENTO,2,0
EJ,Execução Judicial,EJ_MOTIVOSINDEFERIMENTO,2,0
EJ,Execução Judicial,EJ_ORGAOCERTIDAOTIPOASSUNTOS,4,1
EJ,Execução Judicial,EJ_ORGAOCERTIDAOTIPOS,4,1
EJ,Execução Judicial,EJ_ORGAOSCERTIDOES,2,0
EJ,Execução Judicial,EJ_PARECERASSUNTOS,10,0
EJ,Execução Judicial,EJ_PARECERAUTORES,5,2
EJ,Execução Judicial,EJ_PARECERES,73,20
EJ,Execução Judicial,EJ_PARECEROUTROSDOCUMENTOS,8,2
EJ,Execução Judicial,EJ_PARECERSOLICITACOESPRORROGA,10,1
EJ,Execução Judicial,EJ_PARTEQUALIFICACOES,2,0
EJ,Execução Judicial,EJ_PROJETOS,7,3
EJ,Execução Judicial,EJ_PROVIDENCIAEVENTOCERTIDOES,2,0
EJ,Execução Judicial,EJ_RECURSO,7,3
EJ,Execução Judicial,EJ_REQUISITOS,5,0
EJ,Execução Judicial,EJ_RESPOSTASAVALIACOESCONTRATO,8,2
EJ,Execução Judicial,EJ_TIMESHEET,49,22
EJ,Execução Judicial,EJ_TIMESHEETASSUNTOS,2,0
EJ,Execução Judicial,EJ_TIMESHEETATIVIDADES,4,0
EJ,Execução Judicial,EJ_TIPOCLASSIFICACAOCONTRATOS,12,1
EJ,Execução Judicial,EJ_TIPOCONTRATOLISTA,2,0
EJ,Execução Judicial,EJ_TIPOCONTRATOS,2,0
EJ,Execução Judicial,EJ_TIPOGARANTIAS,2,0
EJ,Execução Judicial,EJ_TIPOHORAS,5,0
EJ,Execução Judicial,EJ_TIPOSATENDIMENTO,4,1
EMPRESAS,Empresas,EMPRESAS,16,4
ESTADOS,Estados,ESTADOS,5,1
FI,Financeiro,FI_ANALISEIA,15,0
FI,Financeiro,FI_APROVACAOLOTE,6,1
FI,Financeiro,FI_CODIGOPAGAMENTORECEITAS,3,0
FI,Financeiro,FI_CONFIGURACAOCREDENCIADO,21,5
FI,Financeiro,FI_CONFIGURACOES,150,27
FI,Financeiro,FI_CRIACAOORGANOGRAMA,11,3
FI,Financeiro,FI_FILTROADICAOITENSPREVIA,1,1
FI,Financeiro,FI_FILTROREMOCAOITENSPREVIA,3,1
FI,Financeiro,FI_FILTROSELECAOITENSREMESSA,17,3
FI,Financeiro,FI_LOTEAUDITORIA,12,4
FI,Financeiro,FI_LOTEITENS,49,18
FI,Financeiro,FI_LOTEPAGAMENTOSDEPOSITOS,38,3
FI,Financeiro,FI_LOTES,19,5
FI,Financeiro,FI_PAGAMENTOPARCELAS,12,4
FI,Financeiro,FI_REMESSAPAGAMENTOITENS,20,8
FI,Financeiro,FI_REMESSAPAGAMENTOS,24,5
FI,Financeiro,FI_SOLICITACAODEPOSITOS,157,61
FI,Financeiro,FI_SOLICITACAOPAGAMENTODEPOSIT,14,2
FI,Financeiro,FI_SOLICITACAOPAGAMENTOS,162,62
FI,Financeiro,FI_SUBSTATUS,3,0
FI,Financeiro,FI_TIPOALCADAS,28,19
FI,Financeiro,FI_TIPODESPESACRITERIOS,10,5
FI,Financeiro,FI_TIPODESPESAS,13,3
FI,Financeiro,FI_TIPOMULTAS,2,0
FILIAIS,Filiais,FILIAIS,21,6
FN,Financeiro,FN_CANCELAFECHAMENTOHONORARIOS,4,0
FN,Financeiro,FN_CONFIGURACOES,36,15
FN,Financeiro,FN_CONTAS,24,2
FN,Financeiro,FN_CONTRATOPREVISAOLANCAMENTOS,54,20
FN,Financeiro,FN_CONTRATOPREVISAOREGFAIXAS,7,1
FN,Financeiro,FN_CONTRATOPREVISAOREGIOES,5,2
FN,Financeiro,FN_CONTRATOPREVISAOREGRAS,28,0
FN,Financeiro,FN_CONTRATOS,8,2
FN,Financeiro,FN_FATURALANCAMENTOS,12,6
FN,Financeiro,FN_FATURAMENTOS,26,3
FN,Financeiro,FN_FATURAS,34,4
FN,Financeiro,FN_FECHAMENTOHONORACONTRATOS,8,0
FN,Financeiro,FN_FECHAMENTOHONORARIOS,13,0
FN,Financeiro,FN_FILTRORESUMOHONORARIOS,4,1
FN,Financeiro,FN_GUIASPAGAMENTOS,29,2
FN,Financeiro,FN_HONORARIOMENSAIS,5,0
FN,Financeiro,FN_LANCAMENTOCC,7,2
FN,Financeiro,FN_LANCAMENTOPARCELAS,9,1
FN,Financeiro,FN_LANCAMENTOS,72,31
FN,Financeiro,FN_MOTIVOREPROVACAOLANCAMENTOS,3,0
FN,Financeiro,FN_TABELAPAGAFAIXA,4,0
FN,Financeiro,FN_TABELAREDUTORA,4,0
FN,Financeiro,FN_TIPOFAIXAS,2,0
FN,Financeiro,FN_TIPOSDOCUMENTOS,6,1
GE,Gestão de Documentos,GE_ASSUNTOS,4,0
GE,Gestão de Documentos,GE_CONDICAOPARTICIPANTES,3,0
GE,Gestão de Documentos,GE_CONFIGURACAO,17,4
GE,Gestão de Documentos,GE_DOCSENVIADOS,9,2
GE,Gestão de Documentos,GE_DOCUMENTOANEXOS,8,1
GE,Gestão de Documentos,GE_DOCUMENTOASSUNTOS,6,3
GE,Gestão de Documentos,GE_DOCUMENTOEVENTOPROVIDENCIA,33,7
GE,Gestão de Documentos,GE_DOCUMENTOEVENTOS,9,2
GE,Gestão de Documentos,GE_DOCUMENTOMOVIMENTACOES,24,10
GE,Gestão de Documentos,GE_DOCUMENTONUMERODOCS,4,1
GE,Gestão de Documentos,GE_DOCUMENTOPARTICIPANTES,7,2
GE,Gestão de Documentos,GE_DOCUMENTOPEDIDOS,8,3
GE,Gestão de Documentos,GE_DOCUMENTOS,72,27
GE,Gestão de Documentos,GE_EVENTOS,6,1
GE,Gestão de Documentos,GE_EVENTOSUGESTAOPROVIDENCIAS,12,4
GE,Gestão de Documentos,GE_GRUPOASSUNTOS,6,0
GE,Gestão de Documentos,GE_MOTIVOS,3,0
GE,Gestão de Documentos,GE_ORIGEMDOCUMENTOS,12,4
GE,Gestão de Documentos,GE_PALAVRASEXCLUSAO,2,0
GE,Gestão de Documentos,GE_PALAVRASREFERENCIA,4,0
GE,Gestão de Documentos,GE_PALAVRASREFERENCIADOCUMENTO,8,5
GE,Gestão de Documentos,GE_PEDIDOS,2,0
GE,Gestão de Documentos,GE_PESQUISADOCS,3,1
GE,Gestão de Documentos,GE_PROVIDENCIAS,2,0
GE,Gestão de Documentos,GE_REMESSARECEPCAODOCS,28,9
GE,Gestão de Documentos,GE_TIPODOCUMENTO,8,3
GE,Gestão de Documentos,GE_WEB_PESQUISAR,4,0
GI,Gestão de Informações,GI_CONFIGURACAOCONSULTAS,5,0
GI,Gestão de Informações,GI_CONFIGURACOES,11,0
GI,Gestão de Informações,GI_CONSULTAGRUPOSSEGURANCA,3,0
GI,Gestão de Informações,GI_CUBOUSUARIOCONFIG,5,2
GI,Gestão de Informações,GI_FONTEDADOSBI,6,1
GI,Gestão de Informações,GI_FONTESDADOS,44,5
GI,Gestão de Informações,GI_FONTESDADOSUSUARIOS,3,0
GI,Gestão de Informações,GI_RELATORIOAGENDAMENTOS,8,2
GI,Gestão de Informações,GI_RELATORIOCAMPOS,15,1
GI,Gestão de Informações,GI_RELATORIOEMISSOES,9,1
GI,Gestão de Informações,GI_RELATORIOFAVORITOS,3,0
GI,Gestão de Informações,GI_RELATORIOGRUPOSSEGURANCA,4,0
GI,Gestão de Informações,GI_RELATORIOLOGS,10,1
GI,Gestão de Informações,GI_RELATORIOS,31,5
GN,Geral,GN_ACESSOLOGS,6,0
GN,Geral,GN_ARQUIVOSFISICOS,6,2
GN,Geral,GN_ASSINANTEDIGITAL,20,5
GN,Geral,GN_ATUALIZACAOLOGS,11,0
GN,Geral,GN_BANCOAGENCIACONTATOS,7,1
GN,Geral,GN_BANCOAGENCIAS,19,4
GN,Geral,GN_BANCOAGENCIATELEFONES,4,1
GN,Geral,GN_BANCOCONTATOS,8,2
GN,Geral,GN_BANCOS,34,4
GN,Geral,GN_BANCOTELEFONES,4,1
GN,Geral,GN_BTLMONITOR,5,1
GN,Geral,GN_BTLPROCESSOMONITOR,4,1
GN,Geral,GN_CARGOS,4,0
GN,Geral,GN_CFGAPROVACAOEMAIL,3,0
GN,Geral,GN_CLASSIFICACAOCARGOS,7,0
GN,Geral,GN_CRITERIOS,2,0
GN,Geral,GN_CRITERIOSATUALIZACAO,17,2
GN,Geral,GN_DADOSPESQUISA,7,0
GN,Geral,GN_DATAINICIALFINAL,5,0
GN,Geral,GN_DEPARTAMENTOCREDENCIADOS,3,0
GN,Geral,GN_DOCUMENTOASSINANTE,7,2
GN,Geral,GN_DOCUMENTOASSINATURADIGITAL,7,0
GN,Geral,GN_DOCUMENTOBLOQUEIOS,9,2
GN,Geral,GN_DOCUMENTOCONFIGURACOES,4,0
GN,Geral,GN_DUAL,2,0
GN,Geral,GN_EMAILROTEAMENTOS,2,0
GN,Geral,GN_EQUIPEPESSOAS,4,1
GN,Geral,GN_EQUIPES,6,2
GN,Geral,GN_FILIALUNIDADES,3,0
GN,Geral,GN_FILTROPESSOAS,10,1
GN,Geral,GN_GESTORCOLABORADOR,3,0
GN,Geral,GN_GUIDFLUXOS,10,1
GN,Geral,GN_HIERARQUIAS,6,1
GN,Geral,GN_HORASADVOGADO,6,1
GN,Geral,GN_IMPOSTOFAIXAS,5,1
GN,Geral,GN_IMPOSTOS,11,1
GN,Geral,GN_INDICESCLIENTEPARAMETROS,12,0
GN,Geral,GN_INDICESMONITORAMENTOSERV,8,0
GN,Geral,GN_INDICESPARAMETROS,7,1
GN,Geral,GN_INDICESPERMISSAOCLIENTE,4,1
GN,Geral,GN_INTERFACES,4,0
GN,Geral,GN_JORNADAS,8,0
GN,Geral,GN_LEGISLACAODOCUMENTOS,3,0
GN,Geral,GN_LEGISLACAOESPECIES,2,0
GN,Geral,GN_LEGISLACAOFONTES,2,0
GN,Geral,GN_LEGISLACAOREGULATORIA,8,1
GN,Geral,GN_MOEDACOTACOES,4,0
GN,Geral,GN_MOEDAS,13,0
GN,Geral,GN_MUDANCASMOEDA,7,0
GN,Geral,GN_OCR,2,0
GN,Geral,GN_OPERADORAS,2,0
GN,Geral,GN_PARAMETROSPESQUISA,3,1
GN,Geral,GN_PESSOAAFASTAMENTO,7,0
GN,Geral,GN_PESSOACATEGORIAS,7,2
GN,Geral,GN_PESSOACNAE,3,0
GN,Geral,GN_PESSOADEPENDENTES,4,0
GN,Geral,GN_PESSOAENDERECOS,14,4
GN,Geral,GN_PESSOAFERIAS,9,2
GN,Geral,GN_PESSOAFICHAFINANCEIRA,4,1
GN,Geral,GN_PESSOAIMPORTACAO,10,1
GN,Geral,GN_PESSOAIMPORTITEM,10,3
GN,Geral,GN_PESSOAINFORMACOESBANCARIAS,22,3
GN,Geral,GN_PESSOAMEDIDASDISCIPLINARES,7,1
GN,Geral,GN_PESSOAPONTO,11,0
GN,Geral,GN_PESSOAREPRESENTANTES,3,0
GN,Geral,GN_PESSOAS,129,24
GN,Geral,GN_PESSOASESCRITORIO,6,2
GN,Geral,GN_PESSOASUSUARIOSAGENDA,3,0
GN,Geral,GN_PESSOATELEFONES,10,1
GN,Geral,GN_PESSOAUSUARIOS,8,2
GN,Geral,GN_PESSOAVINCULOS,55,11
GN,Geral,GN_PROCESSONEGOCIOTAREFAS,8,1
GN,Geral,GN_PROCESSOS,2,0
GN,Geral,GN_RATEIOCC,8,3
GN,Geral,GN_RATEIOS,5,1
GN,Geral,GN_RELATORIOS,2,0
GN,Geral,GN_REPLICARCAMPOS,6,3
GN,Geral,GN_SALARIOMINIMO,4,0
GN,Geral,GN_TEXTOSIDIOMAS,5,0
GN,Geral,GN_TIMESHEET,25,9
GN,Geral,GN_TIMESHEETDOCUMENTOS,4,1
GN,Geral,GN_TIPOHORA,2,0
GN,Geral,GN_TIPOMEDIDASDISCIPLINARES,2,0
GN,Geral,GN_TRIBUNALABRANGENCIAS,2,0
GN,Geral,GN_URLPARTES,6,1
GN,Geral,GN_URLS,3,1
GN,Geral,GN_VIRTUAL_USUARIO,6,1
GP,Gestão de Processos,GP_FILTROSPROVISAO,13,6
IN,Integração,IN_ATUALIZACAOIDIOMA,2,0
IN,Integração,IN_ATUALIZACAOTRADUCOES,3,0
IN,Integração,IN_DATASYNCPARAMETROS,3,1
IN,Integração,IN_IMPORTACAOARQUIVOS,11,0
IN,Integração,IN_INTERFACECAMPOS,6,1
IN,Integração,IN_INTERFACECOMANDOCAMPOS,6,2
IN,Integração,IN_INTERFACECOMANDOS,5,0
IN,Integração,IN_INTERFACELOGS,11,1
IN,Integração,IN_INTERFACES,9,0
IN,Integração,IN_MONITOR,10,2
IN,Integração,IN_PESQUISACONFIGURACOES,7,1
IN,Integração,IN_PESQUISARESULTADOADVOGADOS,7,1
IN,Integração,IN_PESQUISARESULTADODOCUMENTOS,6,2
IN,Integração,IN_PESQUISARESULTADOPARTES,7,1
IN,Integração,IN_PESQUISARESULTADOS,13,1
IN,Integração,IN_PESQUISAS,15,3
IN,Integração,IN_PROCESSOS,11,1
IN,Integração,IN_SERVICOCODIGOREGISTRO,8,2
IN,Integração,IN_SERVICOMETODOS,5,0
IN,Integração,IN_SERVICOPARAMETROOPERACOES,4,0
IN,Integração,IN_SERVICOPARAMETROS,14,1
IN,Integração,IN_SERVICOS,13,1
K9,Integração K9,K9_CLASSIFICADORCONTABIL,3,0
K9,Integração K9,K9_FN_FORMASPAGCOB,3,0
K9,Integração K9,K9_MIGRACAO,4,0
K9,Integração K9,K9_PASTAPROGRAMAPLANO,5,2
K9,Integração K9,K9_PLANO,3,1
K9,Integração K9,K9_PROGRAMA,2,0
K9,Integração K9,K9_TV_FILTROBLOQUEIOS,7,1
K9,Integração K9,K9_TV_FILTROCONSULTAPARECER,5,1
K9,Integração K9,K9_TV_FILTRODEPOSITOLEVANTAMEN,43,0
K9,Integração K9,K9_TV_FILTROLITIGANTES,2,0
K9,Integração K9,K9_TV_FILTROPEDIDODECISAO,19,0
K9,Integração K9,K9_TV_FILTROPROCESSOPEDIDO,15,0
K9,Integração K9,K9_TV_INCLUSAOLOTEDOCUMENTOS,9,6
K9,Integração K9,K9_TV_REVOGACAOPARECER,4,0
MUNICIPIOS,Localização,MUNICIPIOS,6,2
OUTROS,Outros,EP_CANCELARBEF,4,0
OUTROS,Outros,EP_CONFIGURACOES,11,7
OUTROS,Outros,EP_FINALIZARBEF,4,1
OUTROS,Outros,EP_FINALIZARCANCELAR,0,0
OUTROS,Outros,EP_MOTIVOENCERRAMENTOS,2,0
OUTROS,Outros,EP_PROCESSOCONEXOS,7,4
OUTROS,Outros,EP_PROCESSODESDOBRAMENTOS,29,11
OUTROS,Outros,EP_PROCESSOEVENTOS,44,8
OUTROS,Outros,EP_PROCESSOPAITRIBUTOS,5,1
OUTROS,Outros,EP_PROCESSOPARTICIPANTES,16,5
OUTROS,Outros,EP_PROCESSOPEDIDOS,28,5
OUTROS,Outros,EP_PROCESSOPRODUTOS,13,3
OUTROS,Outros,EP_PROCESSOS,68,25
OUTROS,Outros,EP_PROCESSOTRIBUTOS,16,1
OUTROS,Outros,EP_RECEPCOES,34,12
OUTROS,Outros,EP_TIPORECEPCOES,2,0
OUTROS,Outros,ES_CERTIFICADOS,9,0
OUTROS,Outros,ES_COMPETENCIAS,2,0
OUTROS,Outros,ES_DEDUCAODEPEN,8,1
OUTROS,Outros,ES_FUNCIONARIOREINTEGRACAO,26,8
OUTROS,Outros,ES_FUNCIONARIOREINTEGRACAOMON,33,4
OUTROS,Outros,ES_FUNCREINTEGRACAO,32,3
OUTROS,Outros,ES_IDEADVOGADO,8,1
OUTROS,Outros,ES_IDENTIFCPERBASECALCULOTRIB,9,0
OUTROS,Outros,ES_IDETRABALHADOR,6,1
OUTROS,Outros,ES_INDICATIVODECISOES,3,0
OUTROS,Outros,ES_INDICATIVOMATERIAPROCESSO,2,0
OUTROS,Outros,ES_INFOCONTRIBSOCIAIS,6,0
OUTROS,Outros,ES_INFODEP,9,0
OUTROS,Outros,ES_INFOINTERM,6,0
OUTROS,Outros,ES_INFOIRRF,28,0
OUTROS,Outros,ES_INFOPROCRET,8,1
OUTROS,Outros,ES_MUNICIPIO_FILTRO,2,0
OUTROS,Outros,ES_PAGAMENTOSDIVERSOS,68,10
OUTROS,Outros,ES_PARAMETROS,37,3
OUTROS,Outros,ES_PENSAOALIM,8,1
OUTROS,Outros,ES_PROCESSOS,42,14
OUTROS,Outros,ES_PROCESSOTRABALHISTA,37,10
OUTROS,Outros,ES_PROCESSOTRABALHISTAMON,46,9
OUTROS,Outros,ES_PROCRETBENEFPEN,9,1
OUTROS,Outros,ES_PROCRETDEDSUSP,9,1
OUTROS,Outros,ES_PROCRETVALORES,11,0
OUTROS,Outros,ES_PROCTRABCATEGORIATRAB,3,0
OUTROS,Outros,ES_PROCTRABCODRECEITA,4,0
OUTROS,Outros,ES_PROCTRABCONTRATO,66,4
OUTROS,Outros,ES_PROCTRABDEPENDENTES,28,5
OUTROS,Outros,ES_PROCTRABMONITEM,13,2
OUTROS,Outros,ES_PROCTRABMONITEMOCORRENCIAS,6,0
OUTROS,Outros,ES_PROCTRABMOTIVDESLIG,3,0
OUTROS,Outros,ES_PROCTRABMOTIVDESLIGTSV,3,0
OUTROS,Outros,ES_PROCTRABOBRIGATRIBUT,34,2
OUTROS,Outros,ES_PROCTRABOBRTRIMPORTACAO,19,0
OUTROS,Outros,ES_PROCTRABOBRTRIMPORTITEM,15,2
OUTROS,Outros,ES_PROCTRABTIPODEPEND,8,2
OUTROS,Outros,ES_TANQUEMOVIMENTACOES,7,2
OUTROS,Outros,ES_TIPORENDIMENTO,3,0
OUTROS,Outros,ES_TRABCONTRABONO,4,0
OUTROS,Outros,ES_TRABCONTRMUDCATATIVIDADE,8,0
OUTROS,Outros,ES_TRABCONTRPERBASECALCULO,13,1
OUTROS,Outros,ES_TRABCONTRPRBSIMPORTACAO,8,0
OUTROS,Outros,ES_TRABCONTRPRBSIMPORTITEM,8,0
OUTROS,Outros,ES_TRABCONTRREMUNERACOES,10,1
OUTROS,Outros,ES_TRABCONTRUNICIDADES,8,0
OUTROS,Outros,EX_ACORDODOCUMENTOS,7,1
OUTROS,Outros,EX_ACORDOEXTRAJUDICIAIS,77,14
OUTROS,Outros,EX_ACORDONUMEROSCRM,5,1
OUTROS,Outros,EX_BANDEIRAS,2,0
OUTROS,Outros,EX_CONFIGURACOES,14,4
OUTROS,Outros,EX_EXTRAJUDICIALCLAUSULAS,26,4
OUTROS,Outros,EX_MINUTAFORMAPAGAMENTOS,3,0
OUTROS,Outros,EX_PRAZOSPAGAMENTO,1,0
OUTROS,Outros,EX_RESPONSAVEISPROBLEMA,2,0
OUTROS,Outros,EX_SOLUCOES,2,0
OUTROS,Outros,EX_TIPOACORDOSOLUCOES,3,0
OUTROS,Outros,EX_TIPOSACORDO,28,2
OUTROS,Outros,FT_AUDIENCIAS,5,1
OUTROS,Outros,FT_CONTRATOSSINTETICO,18,2
OUTROS,Outros,FT_FILTROACERVOS,6,1
OUTROS,Outros,FT_FILTROPASTA,12,2
OUTROS,Outros,FT_LOGAUDITORIA,16,1
OUTROS,Outros,FT_SOLICITACOES,6,2
OUTROS,Outros,GR_EMISSAOGRAFICOSLOG,4,0
OUTROS,Outros,GR_GRAFICOLAYOUTS,2,0
OUTROS,Outros,GR_GRAFICOSINICIAIS,2,0
OUTROS,Outros,GR_REPCONTRATOSAVENCER,11,2
OUTROS,Outros,GR_REPCONTRATOSVIGENTESAREA,11,3
OUTROS,Outros,GR_REPFECHAMENTOPROVISAOTOTAL,8,0
OUTROS,Outros,GR_REPFECHAMENTOPROVISAOVAL,7,1
OUTROS,Outros,GR_REPHONORARIOS,9,3
OUTROS,Outros,GR_REPIMOVEISPORESTADO,5,0
OUTROS,Outros,GR_REPMAIORESCONTRATADAS,5,0
OUTROS,Outros,GR_REPMAIORESCONTRATOS,11,2
OUTROS,Outros,GR_REPOPERACAOPAGAMENTO,7,1
OUTROS,Outros,GR_REPPAGAMENTOSEXECUTADOS,7,0
OUTROS,Outros,GR_REPPASTAPORADVOGADO,7,1
OUTROS,Outros,GR_REPPASTASATIVACOMPETENCIA,6,1
OUTROS,Outros,GR_REPPASTASENTRADASAIDA,7,1
OUTROS,Outros,GR_REPPASTASENTRANTES,8,0
OUTROS,Outros,GR_REPPREVISTOEXECUTADO,9,2
OUTROS,Outros,GR_REPPREVISTOEXECUTADOADV,8,1
OUTROS,Outros,GR_REPPROCESSOSNEGOCIOS,9,0
OUTROS,Outros,GR_REPPROJECAOPROVISAOVALORES,5,0
OUTROS,Outros,GR_REPPROJECAOVOLUMEPASTA,5,0
OUTROS,Outros,GR_REPRENOVACAOLICENCAIMOBVAL,5,0
OUTROS,Outros,GR_REPSOLICITACOESCONTRATOS,5,0
OUTROS,Outros,GR_REPSOLICITACOESFILIAL,6,1
OUTROS,Outros,GR_REPSOLICITACOESFINANCEIRAS,6,1
OUTROS,Outros,GR_REPSOLICITACOESMENSAIS,6,0
OUTROS,Outros,GR_REPSOLICITACOESPARECER,5,0
OUTROS,Outros,GR_REPSOLICITACOESPROCURACOES,5,0
OUTROS,Outros,GR_REPTAREFAADVOGADOINTERNO,7,1
OUTROS,Outros,GR_REPTAREFAESCRITORIOS,7,1
OUTROS,Outros,GR_REPTAREFAPROVIDENCIA,5,0
OUTROS,Outros,GR_REPTAREFARESPONSAVEL,8,2
OUTROS,Outros,GR_REPTAREFASNOPRAZO,5,0
OUTROS,Outros,GR_REPTAREFASNOPRAZOINICIAL,6,0
OUTROS,Outros,GR_REPVALPROPORCIONALPEDIDO,9,2
OUTROS,Outros,IA_CADASTROPEDIDOS,4,1
OUTROS,Outros,IA_CONTASPROVEDORAS,5,0
OUTROS,Outros,IA_PEDIDOTERMOS,5,0
OUTROS,Outros,ID_CONFIGURACOES,6,0
OUTROS,Outros,ID_CONTRATORESPONSAVEIS,4,1
OUTROS,Outros,ID_CONTRATOS,29,11
OUTROS,Outros,ID_DEPOSITORESPONSAVEIS,4,1
OUTROS,Outros,ID_DEPOSITOS,14,7
OUTROS,Outros,ID_PAGAMENTORESPONSAVEIS,4,1
OUTROS,Outros,ID_PAGAMENTOS,15,6
OUTROS,Outros,ID_PARECERES,14,6
OUTROS,Outros,ID_PARECERRESPONSAVEIS,4,1
OUTROS,Outros,ID_PASTAPEDIDOS,6,2
OUTROS,Outros,ID_PASTAPRODUTOS,1,0
OUTROS,Outros,ID_PASTAS,17,9
OUTROS,Outros,ID_PROCURACAORESPONSAVEIS,4,1
OUTROS,Outros,ID_PROCURACOES,17,6
OUTROS,Outros,IM_ALTERACAORESPONSAVEIS,8,2
OUTROS,Outros,IM_ALTERRESPONIMOBILIARIO,4,1
OUTROS,Outros,IM_AVALIACAOIMOVEL,13,2
OUTROS,Outros,IM_CONDICAORESOLUTIVAS,3,0
OUTROS,Outros,IM_CONFIGURACOES,34,22
OUTROS,Outros,IM_CONTRATOADITIVOS,28,7
OUTROS,Outros,IM_CONTRATOCLAUSULAS,19,5
OUTROS,Outros,IM_CONTRATOCONDICAORESOLUTIVAS,26,6
OUTROS,Outros,IM_CONTRATODOCUMENTOS,7,1
OUTROS,Outros,IM_CONTRATOHISTORICOASSINATURA,7,1
OUTROS,Outros,IM_CONTRATOIMOBILIARIOS,157,21
OUTROS,Outros,IM_CONTRATOPARTICIPANTES,8,4
OUTROS,Outros,IM_HISTORICOPORTAL,5,1
OUTROS,Outros,IM_IMOBCONFIGURACOES,3,1
OUTROS,Outros,IM_IMOBILIARIOCONTRATOS,3,0
OUTROS,Outros,IM_IMOBILIARIODOCUMENTOS,3,0
OUTROS,Outros,IM_IMOBILIARIOPROCESSOS,3,0
OUTROS,Outros,IM_IMOBILIARIOPROCURACOES,3,0
OUTROS,Outros,IM_MODALIDADEGARANTIAS,2,0
OUTROS,Outros,IM_MOTIVOALTERACAO,3,0
OUTROS,Outros,IM_MOTIVOENCERRAMENTOS,2,0
OUTROS,Outros,IM_PARTEQUALIFICACOES,2,0
OUTROS,Outros,IM_PROPRIEDADEIMOBILIARIAS,102,12
OUTROS,Outros,IM_REGIOES,2,0
OUTROS,Outros,IM_SUBIMOVEIS,8,5
OUTROS,Outros,IM_TIPOCLASSIFICACAOCONTRATOS,11,1
OUTROS,Outros,IM_TIPOCONTRATOS,2,0
OUTROS,Outros,IM_TIPOLOJAS,2,0
OUTROS,Outros,IS_CONFIGURACOES,10,0
OUTROS,Outros,IS_IMPORTACAOARQUIVO,7,1
OUTROS,Outros,IS_IMPORTACAOARQUIVOITENS,6,0
OUTROS,Outros,LI_LICENCA,13,0
OUTROS,Outros,LOGRADOUROS,7,3
OUTROS,Outros,MB_CONFIGURACOES,6,0
OUTROS,Outros,MB_ESTATISTICAACESSOSENTIDADE,7,1
OUTROS,Outros,MB_USUARIOMOBILE,2,0
OUTROS,Outros,ME_MODULOS,3,0
OUTROS,Outros,ME_MODULOTABELAS,3,0
OUTROS,Outros,MODELOS,4,1
OUTROS,Outros,MS_MENSAGEMANEXOS,3,0
OUTROS,Outros,MS_MENSAGEMPASTAS,8,2
OUTROS,Outros,MS_MENSAGEMUSUARIOS,25,10
OUTROS,Outros,MS_MENSAGENS,24,14
OUTROS,Outros,NP_ANDAMENTOS,3,1
OUTROS,Outros,NP_ANDAMENTOSPROVIDENCIAS,8,2
OUTROS,Outros,NP_CONDICAOPARTES,2,0
OUTROS,Outros,NP_CONFIGURACOES,5,2
OUTROS,Outros,NP_CONTATOS,6,0
OUTROS,Outros,NP_DEMANDAS,15,0
OUTROS,Outros,NP_ESPECIALIDADES,3,0
OUTROS,Outros,NP_EVENTOSAUTORIZACAO,3,0
OUTROS,Outros,NP_MATERIAIS,2,0
OUTROS,Outros,NP_MEDICAMENTOS,6,0
OUTROS,Outros,NP_OPERADORAS,8,1
OUTROS,Outros,NP_PLANOS,2,0
OUTROS,Outros,NP_PLANOSCONTRATADOS,2,0
OUTROS,Outros,NP_PROCESPECIALIDADES,3,0
OUTROS,Outros,NP_PROCESSOANDAMENTOS,9,1
OUTROS,Outros,NP_PROCESSODISTRIBUICAO,6,2
OUTROS,Outros,NP_PROCESSODOCUMENTOS,7,2
OUTROS,Outros,NP_PROCESSOPARTICIPANTES,6,3
OUTROS,Outros,NP_PROCESSOPASTAS,3,0
OUTROS,Outros,NP_PROCESSOS,76,11
OUTROS,Outros,NP_PROCESSOSOLICITACOES,10,0
OUTROS,Outros,NP_PROCEVENTOS,3,0
OUTROS,Outros,NP_PROCMATERIAIS,3,1
OUTROS,Outros,NP_PROCMEDICAMENTOS,3,0
OUTROS,Outros,NP_PROVIDENCIADISTRIBUICAO,0,0
OUTROS,Outros,NP_PROVIDENCIAS,4,0
OUTROS,Outros,NP_PROVIDENCIASGERADAS,22,6
OUTROS,Outros,NP_SITUACOES,2,0
OUTROS,Outros,NP_STATUS,3,0
OUTROS,Outros,NT_CONFIGURACOES,16,2
OUTROS,Outros,NT_MOTIVOAUDITADO,2,0
OUTROS,Outros,NT_TAREFACATEGORIAS,7,2
OUTROS,Outros,NT_TAREFAS,42,0
OUTROS,Outros,PI_BUSCAREGISTRO,69,2
OUTROS,Outros,PI_COLIDENCIAEVENTOS,6,0
OUTROS,Outros,PI_COLIDENCIAPARTICIPANTES,8,4
OUTROS,Outros,PI_CONDICOESPARTICIPANTES,3,0
OUTROS,Outros,PI_CONFIGURACOES,62,12
OUTROS,Outros,PI_CONTRATOAVERBACOES,17,3
OUTROS,Outros,PI_DECISOESCOLIDENCIAS,4,0
OUTROS,Outros,PI_DESENHOCONTRIBUICOES,10,0
OUTROS,Outros,PI_DESENHODOCUMENTOS,4,0
OUTROS,Outros,PI_DESENHOEVENTOS,6,0
OUTROS,Outros,PI_DESENHOIMAGENS,3,0
OUTROS,Outros,PI_DESENHOINDUSTRIALNACIONAL,33,6
OUTROS,Outros,PI_DESENHOPARTICIPANTES,4,0
OUTROS,Outros,PI_DESENHOPRIORIDADES,6,0
OUTROS,Outros,PI_DESENHOPROVIDENCIAS,19,3
OUTROS,Outros,PI_DESPACHOS,3,0
OUTROS,Outros,PI_DIREITOAUTORALANDAMENTOS,5,1
OUTROS,Outros,PI_DIREITOAUTORALDOCUMENTOS,5,1
OUTROS,Outros,PI_DIREITOAUTORALPARTICIPANTES,4,1
OUTROS,Outros,PI_DIREITOSAUTORAIS,15,2
OUTROS,Outros,PI_DOMINIOID,15,5
OUTROS,Outros,PI_DOMINIOS,22,5
OUTROS,Outros,PI_DOMINIOSERVIDORES,5,2
OUTROS,Outros,PI_ENCERRAMENTOCOLIDENCIAS,3,0
OUTROS,Outros,PI_EVENTOCOLIDENCIAS,3,0
OUTROS,Outros,PI_EVENTOS,2,0
OUTROS,Outros,PI_IMPORTACAOREVISTAS,9,0
OUTROS,Outros,PI_INPI,28,1
OUTROS,Outros,PI_MOTIVONOTIFICACAO,3,0
OUTROS,Outros,PI_NCL,6,0
OUTROS,Outros,PI_NCLCLASSIFICACAO,5,0
OUTROS,Outros,PI_NOTIFICACAODOCUMENTOS,4,1
OUTROS,Outros,PI_NOTIFICACAOEVENTOS,5,1
OUTROS,Outros,PI_NOTIFICACAOIMAGENS,3,1
OUTROS,Outros,PI_NOTIFICACAOPROVIDENCIAS,17,6
OUTROS,Outros,PI_NOTIFICACOESEXTRAJUDICIAIS,18,2
OUTROS,Outros,PI_PATENTEANUIDADES,10,1
OUTROS,Outros,PI_PATENTEDOCUMENTOS,4,1
OUTROS,Outros,PI_PATENTEEVENTOS,6,0
OUTROS,Outros,PI_PATENTEIMAGENS,4,0
OUTROS,Outros,PI_PATENTEPARTICIPANTES,5,1
OUTROS,Outros,PI_PATENTEPRIORIDADES,6,1
OUTROS,Outros,PI_PATENTEPROVIDENCIAS,37,6
OUTROS,Outros,PI_PATENTESINTEREVENTOS,64,13
OUTROS,Outros,PI_PATENTESINTERNACIONAIS,3,0
OUTROS,Outros,PI_PATENTESINTERPARTICIPANTES,4,1
OUTROS,Outros,PI_PATENTESINTERPRIORIDADES,5,1
OUTROS,Outros,PI_PATENTESINTERPROVIDENCIAS,18,3
OUTROS,Outros,PI_PATENTESNACIONAIS,55,12
OUTROS,Outros,PI_PROPRIEDADECOLIDENCIAS,21,8
OUTROS,Outros,PI_PROPRIEDADEDOCUMENTOS,0,0
OUTROS,Outros,PI_PROPRIEDADEEVENTOS,7,1
OUTROS,Outros,PI_PROPRIEDADEIMAGENS,3,0
OUTROS,Outros,PI_PROPRIEDADEINTERDOCUMENTOS,4,0
OUTROS,Outros,PI_PROPRIEDADEINTEREVENTOS,5,1
OUTROS,Outros,PI_PROPRIEDADEINTERIMAGENS,3,1
OUTROS,Outros,PI_PROPRIEDADEINTERPRIORIDADES,7,1
OUTROS,Outros,PI_PROPRIEDADEINTERPROVIDENCIA,30,5
OUTROS,Outros,PI_PROPRIEDADEPRIORIDADES,7,1
OUTROS,Outros,PI_PROPRIEDADEPROVIDENCIAS,30,5
OUTROS,Outros,PI_PROPRIEDADES,3,0
OUTROS,Outros,PI_PROPRIEDADESINTERNACIONAIS,49,11
OUTROS,Outros,PI_PROPRIEDADESNACIONAIS,81,16
OUTROS,Outros,PI_PROVIDENCIAS,2,0
OUTROS,Outros,PI_TABELAINPI,4,0
OUTROS,Outros,PI_TABELAINPICLASSIFICACOES,5,0
OUTROS,Outros,PI_TABELANICE,5,0
OUTROS,Outros,PI_TABELANICECLASSIFICACAO,6,0
OUTROS,Outros,PI_TABELANICEPERSONALIZADA,3,0
OUTROS,Outros,PI_TIPOCOLIDENCIAS,3,0
OUTROS,Outros,PI_TIPOSCONTRATOS,3,0
OUTROS,Outros,PI_TIPOSPROCESSOS,2,0
OUTROS,Outros,PV_PROVIDENCIAPRORROGACOES,9,1
OUTROS,Outros,PV_PROVIDENCIATRANSFERENCIAS,14,5
OUTROS,Outros,Q_AGRUPADORPROCESSOPEDIDOS,15,4
OUTROS,Outros,Q_BL_ITENS,13,3
OUTROS,Outros,Q_CHART_BL_ITENS,5,0
OUTROS,Outros,Q_CHART_VC_CONTRATOSCLIENTES,4,0
OUTROS,Outros,Q_CHART_VC_CONTRATOSPORTIPO,4,1
OUTROS,Outros,Q_CONSULTAPRORROGACAOPRAZO,15,0
OUTROS,Outros,Q_CONSULTASOLICITACOES,0,0
OUTROS,Outros,Q_EJ_CERTIDOES,7,0
OUTROS,Outros,Q_EJ_PARECERES,8,0
OUTROS,Outros,Q_FD_RESUMOANDAMENTOS,17,0
OUTROS,Outros,Q_FD_RESUMOPASTAS,13,0
OUTROS,Outros,Q_FLUXOS,10,2
OUTROS,Outros,Q_FLUXOSPARTICIPANTES,4,1
OUTROS,Outros,Q_PR_PROCESSOS_LOOKUP,5,0
OUTROS,Outros,Q_REMESSASELECAOITENS,27,7
OUTROS,Outros,Q_RESUMO_ANDAMENTOS,10,2
OUTROS,Outros,Q_RESUMO_PARTES,8,1
OUTROS,Outros,Q_TILE_CONTRATOSAVENCER,9,0
OUTROS,Outros,Q_TILE_CONTRATOSEMANALISE,8,0
OUTROS,Outros,Q_TILE_LICENCASCRITICASAVENCER,13,0
OUTROS,Outros,Q_TILE_LICENCASCRITICAVENCIDAS,13,0
OUTROS,Outros,Q_TILE_LICENCASVENCIDAS,13,0
OUTROS,Outros,Q_TILE_PAGAMENTOSEMABERTO,12,0
OUTROS,Outros,Q_TILE_PASTAEMACORDOJUDICIAL,6,0
OUTROS,Outros,Q_TILE_PASTAEMDISTRIBUICAO,5,0
OUTROS,Outros,Q_TILE_PASTASENCERRAMENTO,5,0
OUTROS,Outros,Q_TILE_PASTASENTRANTESHOJE,5,0
OUTROS,Outros,Q_TILE_PROVIDENCIASVENCIDAS,12,0
OUTROS,Outros,Q_TILE_SOLICITACAOEMANALISE,7,0
OUTROS,Outros,Q_TILE_SUBLOJASDESOCUPADAS,9,0
OUTROS,Outros,Q_TILE_TAREFASEMATRASO,9,0
OUTROS,Outros,Q_TILE_ULTIMASPUBLICACOES,9,0
OUTROS,Outros,Q_VIEW_ADMINISTRADORESSOCIET,12,3
OUTROS,Outros,Q_VIEW_CONSULTIVOSMART,28,6
OUTROS,Outros,Q_VIEW_CRITERIOSCONSULTIVO,13,6
OUTROS,Outros,Q_VIEW_DELIBERACOESSOCIET,11,1
OUTROS,Outros,Q_VIEW_PARTICIPACOESACOES,9,3
OUTROS,Outros,Q_VIEW_PARTICIPACOESQUOTAS,9,2
OUTROS,Outros,Q_WF_FLUXOULTIMATAREFAUSUARIOS,8,0
OUTROS,Outros,Q_WF_TAREFASCOORDENACAO,15,4
OUTROS,Outros,R_CLASSIFICACOES,41,4
OUTROS,Outros,R_DETALHEDETALHES,14,4
OUTROS,Outros,R_DETALHES,17,3
OUTROS,Outros,R_GRUPORELATORIOS,5,2
OUTROS,Outros,R_GRUPOSRELATORIOS,3,0
OUTROS,Outros,R_QUEBRASDETALHE,8,2
OUTROS,Outros,R_RELATORIOFONTESDADOS,5,2
OUTROS,Outros,R_RELATORIOIMPRESSOES,7,1
OUTROS,Outros,R_RELATORIOS,57,7
OUTROS,Outros,R_RELATORIOUSUARIOS,3,0
OUTROS,Outros,R_TAREFARELATORIOS,5,2
OUTROS,Outros,ROTINAS,2,0
OUTROS,Outros,SE_MONITORAMENTOLOG,5,1
OUTROS,Outros,SE_MONITORAMENTOPROCESSOS,6,0
OUTROS,Outros,SL_CONFIGURACOES,44,11
OUTROS,Outros,SL_LOTEALTERACAOPEDIDOS,8,2
OUTROS,Outros,SL_SOLICITACAOALTERACAO,86,24
OUTROS,Outros,SL_SOLICITACAOAUDITORIA,11,1
OUTROS,Outros,SL_SOLICITACAOMANIFESTACOES,13,6
OUTROS,Outros,SL_SOLICITACAOPARECERJURIDICO,9,1
OUTROS,Outros,SL_SOLICITACOES,50,18
OUTROS,Outros,ST_MONITORSTATUS,15,1
OUTROS,Outros,SX_COMPETENCIADOCUMENTOS,4,0
OUTROS,Outros,SX_COMPETENCIAS,7,2
OUTROS,Outros,SX_CONFIGURACOES,3,0
OUTROS,Outros,TA_ESTADOSCIVIS,3,0
OUTROS,Outros,TA_TIPOSENDERECOS,2,0
OUTROS,Outros,TA_TIPOSTELEFONES,3,0
OUTROS,Outros,TA_UNIDADESMEDIDA,3,0
OUTROS,Outros,TEMP_NOVOPARTICIPANTE,27,8
OUTROS,Outros,TIPOSMODELOS,2,0
OUTROS,Outros,TMP_ATUALIZACAOCRITERIOS,5,1
OUTROS,Outros,TS_COMPETENCIA,2,0
OUTROS,Outros,TV_ACIONISTASOCIETARIO,1,1
OUTROS,Outros,TV_ADVOGADOINTERNOPETICAO,4,1
OUTROS,Outros,TV_AJUSTARMOVIMENTACOESFIN,7,0
OUTROS,Outros,TV_ALTERARDATAANDAMENTO,5,0
OUTROS,Outros,TV_ALTERRESPONSAIMOBILIARIO,7,3
OUTROS,Outros,TV_ANDAMENTOS,0,0
OUTROS,Outros,TV_ASSOCIARQUESTIONARIO,2,1
OUTROS,Outros,TV_ATUALIZARCONSULTA,3,0
OUTROS,Outros,TV_ATUALIZARIDIOMA,3,0
OUTROS,Outros,TV_AUDIENCIAS,6,1
OUTROS,Outros,TV_AVALIACAOREVISAONOTAS,3,0
OUTROS,Outros,TV_BLOQUEARATUALIZACAOVALORES,5,0
OUTROS,Outros,TV_BUSCABIBLIOTECAPARECER,2,0
OUTROS,Outros,TV_CADASTRORAPIDODOMICILIO,3,0
OUTROS,Outros,TV_CADASTRORAPIDOMANUAL,2,0
OUTROS,Outros,TV_CALCULOTRABALHISTARELATORIO,5,0
OUTROS,Outros,TV_CANCELARANALISENEGOCIO,3,0
OUTROS,Outros,TV_CANCELARCALCULO,3,0
OUTROS,Outros,TV_CANCELARCIRCULARIZACAO,3,0
OUTROS,Outros,TV_CANCELARPROVIDENCIA,4,0
OUTROS,Outros,TV_CANCELARSUBSIDIO,3,0
OUTROS,Outros,TV_CARTAPREPOSICAO,5,0
OUTROS,Outros,TV_COMPROMISSOS,11,2
OUTROS,Outros,TV_CONSULTASOLICITACOES,9,0
OUTROS,Outros,TV_CONSULTAUSUARIOS,6,4
OUTROS,Outros,TV_CONSULTIVOSMART,14,5
OUTROS,Outros,TV_CONTRATOENCERRAMENTO,4,0
OUTROS,Outros,TV_CONTRATOREATIVACAO,4,0
OUTROS,Outros,TV_CONTRATOSSINTETICO,9,1
OUTROS,Outros,TV_COPIARCRITERIO,7,1
OUTROS,Outros,TV_CUMPRIRCOMPROMISSO,3,0
OUTROS,Outros,TV_DATAASSINATURA,3,0
OUTROS,Outros,TV_DEFINICAOASSINANTESDIGITAIS,4,2
OUTROS,Outros,TV_DEFINIRITENSAPROVACAO,2,0
OUTROS,Outros,TV_DESCARTATAREFADISTRIBUICAO,4,0
OUTROS,Outros,TV_DESCARTETAREFADISTRIBUICAO,4,0
OUTROS,Outros,TV_DESPREZARPUBLICACAO,2,0
OUTROS,Outros,TV_DEVOLVERANALISENEGOCIO,4,0
OUTROS,Outros,TV_DIFERENCAACEITAVEL,5,1
OUTROS,Outros,TV_DOCUMENTOFATURA,0,0
OUTROS,Outros,TV_DOCUMENTOS,12,4
OUTROS,Outros,TV_DOCUMENTOSRH,2,0
OUTROS,Outros,TV_EMITIRPROCURACAO,3,0
OUTROS,Outros,TV_ENCERRARPASTA,7,1
OUTROS,Outros,TV_FILTROACERVOS,5,1
OUTROS,Outros,TV_FILTROAGENDA,6,2
OUTROS,Outros,TV_FILTROAPROVACAOTECNICA,24,9
OUTROS,Outros,TV_FILTROAUDIENCIAS,13,1
OUTROS,Outros,TV_FILTROCALCULOTRABALHISTA,10,3
OUTROS,Outros,TV_FILTROCAPTURAMOVIMENTACOES,10,1
OUTROS,Outros,TV_FILTROCATEGORIA,2,0
OUTROS,Outros,TV_FILTROCODIGOEXTERNO,2,1
OUTROS,Outros,TV_FILTROCOMPARACAOPROVISAO,6,1
OUTROS,Outros,TV_FILTROCONCILIACAO,3,0
OUTROS,Outros,TV_FILTROCONSULTAFLUXOGENERICO,12,4
OUTROS,Outros,TV_FILTROCONSULTAPROVISAO,10,4
OUTROS,Outros,TV_FILTROCONSULTASNIPS,6,0
OUTROS,Outros,TV_FILTROCONSULTATAREFAS,6,1
OUTROS,Outros,TV_FILTRODOCUMENTOAVANCADO,2,0
OUTROS,Outros,TV_FILTROESOCIAL,7,1
OUTROS,Outros,TV_FILTROESOCIALFATOSGERADORES,12,1
OUTROS,Outros,TV_FILTROFECHAMENTOHONORARIOS,13,4
OUTROS,Outros,TV_FILTROFECHAMENTOSPROVISOES,8,4
OUTROS,Outros,TV_FILTROIMOBILIARIO,19,7
OUTROS,Outros,TV_FILTROIMOVEISDISPONIVEIS,11,3
OUTROS,Outros,TV_FILTROIMOVEISLIVRES,11,3
OUTROS,Outros,TV_FILTROINDICADORCONTRATOS,11,4
OUTROS,Outros,TV_FILTROINDICADORPARECERES,5,2
OUTROS,Outros,TV_FILTROINDICADORPASTAS,35,13
OUTROS,Outros,TV_FILTROINDICADORPROCURACOES,3,1
OUTROS,Outros,TV_FILTROINDICADORTAREFAS,4,1
OUTROS,Outros,TV_FILTROLISTAGEMIMOVEIS,11,4
OUTROS,Outros,TV_FILTROLOGAUDITORIA,10,1
OUTROS,Outros,TV_FILTROMINUTA,8,5
OUTROS,Outros,TV_FILTROPADRAOENTADAPASTA,7,3
OUTROS,Outros,TV_FILTROPADRAOPROCESSOS,2,0
OUTROS,Outros,TV_FILTROPAGAMENTOS,26,2
OUTROS,Outros,TV_FILTROPARTICIPANTESNIP,8,2
OUTROS,Outros,TV_FILTROPASTA,20,5
OUTROS,Outros,TV_FILTROPASTARESSEGURO,3,0
OUTROS,Outros,TV_FILTROPUBLICACOESONLINE,5,0
OUTROS,Outros,TV_FILTRORELACAOLICENCAS,8,2
OUTROS,Outros,TV_FILTRORELATORIOAUDITORIA,8,0
OUTROS,Outros,TV_FILTRORELAUTENTICACAO,4,0
OUTROS,Outros,TV_FILTRORELREGULATORIO,19,3
OUTROS,Outros,TV_FILTROREMESSAPAGAMENTOS,8,0
OUTROS,Outros,TV_FILTROREPROCESSAFECHAMENTO,4,1
OUTROS,Outros,TV_FILTROSOLICITACAOPEDIDOS,6,1
OUTROS,Outros,TV_FILTROTAREFASCONSULTIVO,13,4
OUTROS,Outros,TV_FILTROTAREFASCOORDENACAO,14,8
OUTROS,Outros,TV_FILTROUSUARIO,2,0
OUTROS,Outros,TV_FINALIZACADASTROPASTA,4,1
OUTROS,Outros,TV_GERADORINFORMACOES,7,1
OUTROS,Outros,TV_GERAPROCURACAO,6,1
OUTROS,Outros,TV_GERARCARTAPREPOSICAO,6,1
OUTROS,Outros,TV_IMPORTARVINCULOEMPREGATICIO,3,0
OUTROS,Outros,TV_IMPORTPRODUTOCONTRATOS,6,0
OUTROS,Outros,TV_INFORMACAODEPOSITOS,15,5
OUTROS,Outros,TV_INFORMACAOLANCAMENTOS,12,3
OUTROS,Outros,TV_INFORMACOESGUIA,21,2
OUTROS,Outros,TV_INTEGRACAOPESSOAS,7,0
OUTROS,Outros,TV_INTEGRACAORH,7,0
OUTROS,Outros,TV_LANCAMENTOPORCOMPETENCIA,4,1
OUTROS,Outros,TV_LGPD,2,0
OUTROS,Outros,TV_MAPAMENSALEVENTO,6,1
OUTROS,Outros,TV_MAPAMENSALPROV,6,1
OUTROS,Outros,TV_MAPEARMATRIZRISCO,6,3
OUTROS,Outros,TV_MOTIVOCANCELAMENTOSOLICITAC,5,0
OUTROS,Outros,TV_MOTIVODESCARTEACESSO,5,0
OUTROS,Outros,TV_MOTIVODESPREZOINTIMACAO,2,0
OUTROS,Outros,TV_NAOINDICARPROVGESTAO,4,0
OUTROS,Outros,TV_NOVOPARTICIPANTE,24,4
OUTROS,Outros,TV_PARAMVALORPADRAO,9,0
OUTROS,Outros,TV_PESQUISAAVANCADACONSULTIVO,6,0
OUTROS,Outros,TV_PESQUISAAVANCADAEDOCS,6,1
OUTROS,Outros,TV_PESQUISAPESSOAS,5,1
OUTROS,Outros,TV_PESQUISAPROCESSO,5,0
OUTROS,Outros,TV_PESQUISASFILTRO,3,0
OUTROS,Outros,TV_POSSIVELTESTEMUNHA,10,2
OUTROS,Outros,TV_PROCESSOPODEESERNCERRADO,9,1
OUTROS,Outros,TV_PROCESSOSEMMOVIMENTOS,4,1
OUTROS,Outros,TV_PROCESSOSENCERRAVEIS,4,0
OUTROS,Outros,TV_PROCURACOES,10,2
OUTROS,Outros,TV_REABRIRPARECER,3,0
OUTROS,Outros,TV_REATIVARPASTA,12,2
OUTROS,Outros,TV_REATIVARPASTABAIXPROV,4,0
OUTROS,Outros,TV_RELATORIOSCIRCULARIZACAO,5,0
OUTROS,Outros,TV_RELIMOBILIARIO,40,2
OUTROS,Outros,TV_RELKPIIMOBILIARIO,31,2
OUTROS,Outros,TV_RELMATRIZRISCO,3,0
OUTROS,Outros,TV_REPROCESSARPROCESSOIA,3,0
OUTROS,Outros,TV_RERENOVACAOLICENCA,3,0
OUTROS,Outros,TV_SELECAODOCTOSPARECER,2,0
OUTROS,Outros,TV_SOLICBAIXAPROVISORIA,6,0
OUTROS,Outros,TV_SOLICITACAOANALISENEGOCIO,6,3
OUTROS,Outros,TV_SOLICITACAOEXCLUSAOPEDIDO,3,0
OUTROS,Outros,TV_SOLICITACOES,6,3
OUTROS,Outros,TV_SOLICITARCALCULO,13,3
OUTROS,Outros,TV_SOLICPRORROGACAOPRAZOTAREFA,5,1
OUTROS,Outros,TV_SUBSIDIODOCUMENTO,7,0
OUTROS,Outros,TV_SYSTEMMONITOR,16,1
OUTROS,Outros,TV_TIPOATODOCUMENTOSFILTRO,12,0
OUTROS,Outros,TV_TRANSFERIRPROVGESTAO,5,0
OUTROS,Outros,TV_TRATARINCONSISTENCIA,5,0
OUTROS,Outros,TV_TROCARESPONSABILIDADEPASTA,28,12
OUTROS,Outros,TV_VALIDARDEPENDENCIAS,3,1
OUTROS,Outros,TV_WFINFORMACAOCONCILIACAO,7,2
OUTROS,Outros,TV_WFTAREFASDELEGAR,8,4
OUTROS,Outros,UR_UNIFICARREGISTROLOG,7,1
OUTROS,Outros,VC_AVALISTAS,3,0
OUTROS,Outros,VC_CONTRATOPARTICIPANTES,7,3
OUTROS,Outros,VC_CONTRATOSCLIENTES,20,4
OUTROS,Outros,VC_DOCUMENTOSCONTRATOS,7,0
OUTROS,Outros,VC_GARANTIASCONTRATOSCLIENTES,33,1
OUTROS,Outros,VC_PAPELFLUXO,4,1
OUTROS,Outros,VC_PARAMETROS,12,1
OUTROS,Outros,VC_TIPOSCONTRATOS,2,0
OUTROS,Outros,VC_TIPOSDOCUMENTOS,2,0
OUTROS,Outros,W_APLICACAOGRUPOS,4,2
OUTROS,Outros,W_APLICACAOINTEGRACOES,3,0
OUTROS,Outros,W_APLICACAOSERVIDORES,3,0
OUTROS,Outros,W_APLICACOES,31,3
OUTROS,Outros,W_BEFVERSIONVALIDATOR,0,0
OUTROS,Outros,W_BIBLIOTECAS,3,0
OUTROS,Outros,W_BROKER_CONFIG,0,0
OUTROS,Outros,W_CAMPOLINKS,6,1
OUTROS,Outros,W_CONFIGURACOES,1,0
OUTROS,Outros,W_CONSULTACAMPOS,7,0
OUTROS,Outros,W_CONSULTAS,12,2
OUTROS,Outros,W_CONTEUDOACESSOS,5,2
OUTROS,Outros,W_CONTEUDOCOMPLEMENTOS,7,1
OUTROS,Outros,W_CONTEUDOS,21,7
OUTROS,Outros,W_CRIARPAGINA,7,1
OUTROS,Outros,W_CRIARPAGINACRUD,10,2
OUTROS,Outros,W_CRIARWIDGET,5,2
OUTROS,Outros,W_ENTIDADES,7,0
OUTROS,Outros,W_ENTIDADEVISAOFILTROS,12,2
OUTROS,Outros,W_ENTIDADEVISOES,10,1
OUTROS,Outros,W_ESTILOS,7,2
OUTROS,Outros,W_FARMSWES,3,0
OUTROS,Outros,W_FAVORITOS,4,0
OUTROS,Outros,W_FILTROS,5,1
OUTROS,Outros,W_GPTABELAITENS,5,0
OUTROS,Outros,W_GPTABELAS,4,0
OUTROS,Outros,W_GRUPOITEMGRUPOS,3,0
OUTROS,Outros,W_GRUPOITENS,23,9
OUTROS,Outros,W_GRUPOS,9,3
OUTROS,Outros,W_INDICEARTEFATOS,4,0
OUTROS,Outros,W_MENUITENS,15,3
OUTROS,Outros,W_MENUS,6,1
OUTROS,Outros,W_MODULOGRUPOS,3,0
OUTROS,Outros,W_MODULOPASTAS,8,2
OUTROS,Outros,W_MODULOS,18,0
OUTROS,Outros,W_NOVOSARQUIVOS,4,0
OUTROS,Outros,W_PAGINARECURSOS,7,1
OUTROS,Outros,W_PAGINAS,13,1
OUTROS,Outros,W_PAGINATEMPLATES,7,0
OUTROS,Outros,W_PAGINAWIDGETS,17,3
OUTROS,Outros,W_PASTAGRUPOS,3,0
OUTROS,Outros,W_PERMALINKS,2,0
OUTROS,Outros,W_PESQUISADOCUMENTOS,6,1
OUTROS,Outros,W_PORTAIS,19,0
OUTROS,Outros,W_RECUPERACAOSENHAS,4,0
OUTROS,Outros,W_SCRIPTS,11,2
OUTROS,Outros,W_SERVICOS,2,0
OUTROS,Outros,W_TAGLIBS,8,0
OUTROS,Outros,W_TAREFAPAGINAS,6,2
OUTROS,Outros,W_TOKEN2FA,0,0
OUTROS,Outros,W_TOKENGENERATOR,6,0
OUTROS,Outros,W_TOKENS,6,1
OUTROS,Outros,W_VERSAOARTEFATOS,11,0
OUTROS,Outros,W_VISAOGRUPOS,4,1
OUTROS,Outros,W_VISAORELATORIOS,7,1
OUTROS,Outros,W_VISOES,10,2
OUTROS,Outros,W_VISOESSUBSTITUTAS,8,1
OUTROS,Outros,W_WIDGETACTIONVIEW,3,0
OUTROS,Outros,W_WIDGETAMCHARTS,15,2
OUTROS,Outros,W_WIDGETCONTROLEUSUARIO,2,0
OUTROS,Outros,W_WIDGETCUBO,9,3
OUTROS,Outros,W_WIDGETFILTRO,5,2
OUTROS,Outros,W_WIDGETFILTROINDICADOR,2,0
OUTROS,Outros,W_WIDGETFORMULARIO,16,2
OUTROS,Outros,W_WIDGETGRIDEDITAVEL,16,3
OUTROS,Outros,W_WIDGETGRIDSIMPLES,18,3
OUTROS,Outros,W_WIDGETGRIDWORKFLOW,18,3
OUTROS,Outros,W_WIDGETMAPA,22,2
OUTROS,Outros,W_WIDGETMENU,2,0
OUTROS,Outros,W_WIDGETPAINELCOMANDOS,6,0
OUTROS,Outros,W_WIDGETPARTIALVIEW,2,0
OUTROS,Outros,W_WIDGETRELATORIO,5,0
OUTROS,Outros,W_WIDGETS,7,0
OUTROS,Outros,W_WIDGETSILVERLIGHT,4,0
OUTROS,Outros,W_WIDGETTILE,17,1
OUTROS,Outros,WG_DADOSRELEVANTES,21,4
OUTROS,Outros,WG_MODELOS,44,8
OUTROS,Outros,WG_SOLICITACAOHISTORICO,10,1
OUTROS,Outros,WG_SOLICITACAOTAREFAS,12,2
OUTROS,Outros,WG_SOLICITACOES,22,5
OUTROS,Outros,WI_CONTRATOS,5,0
OUTROS,Outros,WI_EDOCS,4,1
OUTROS,Outros,WI_FINANCEIRO,4,0
OUTROS,Outros,WI_JURIDICO,5,1
OUTROS,Outros,WI_PARECERES,3,1
OUTROS,Outros,WI_PROCURACAO,3,1
OUTROS,Outros,WI_SOCIETARIO,3,1
PAISES,Localização,PAISES,5,0
PR,Processos,PR_ADICIONARGRUPO,2,0
PR,Processos,PR_ASSOCIACAOAVALIACOESGESTAO,4,1
PR,Processos,PR_ASSOCIARAVALIACAOAUDIENCIA,5,2
PR,Processos,PR_ATIVIDADEEXECUTADA,2,0
PR,Processos,PR_ATUALIZACAOCAMPOSCLIENTE,13,9
PR,Processos,PR_ATUALIZACAOVALORES,5,0
PR,Processos,PR_AVALIACAOAUDIENCIATESTEMUNH,15,3
PR,Processos,PR_AVALIACAOINDICADORES,9,2
PR,Processos,PR_AVALIACAOINDICADORESMANUAIS,4,1
PR,Processos,PR_AVALIACAOPOSAUDIENCIA,13,1
PR,Processos,PR_AVALIACOES,13,2
PR,Processos,PR_AVALIACOESANDAMENTOGESTAO,3,0
PR,Processos,PR_AVALIACOESAUDIENCIA,7,1
PR,Processos,PR_AVALIACOESGESTAO,6,0
PR,Processos,PR_AVALIACOESPEDIDOGESTAO,4,2
PR,Processos,PR_BEMTIPOS,3,1
PR,Processos,PR_BEMTIPOS_EMPRESA,6,2
PR,Processos,PR_BENS,3,0
PR,Processos,PR_BLOQUEIOAUTOMATICOVALORES,4,0
PR,Processos,PR_BLOQUEIOVALORESHISTORICOS,7,1
PR,Processos,PR_CADASTRORAPIDOPASTA,336,85
PR,Processos,PR_CADASTRORAPIDOPASTAVINCULO,27,16
PR,Processos,PR_CATEGORIACAUSARAIZ,2,1
PR,Processos,PR_CATEGORIAINDICADORES,10,3
PR,Processos,PR_CATEGORIAOBJETODEPOSITO,5,0
PR,Processos,PR_CATEGORIAOBJETODEPOSITOATU,13,5
PR,Processos,PR_CATEGORIAPREDICOES,5,1
PR,Processos,PR_CATEGORIAPROCESSO,2,0
PR,Processos,PR_CATEGORIARESPONSAVEIS,7,2
PR,Processos,PR_CATEGORIAS,112,26
PR,Processos,PR_CATEGORIATIPOACAOASSUNTOS,4,2
PR,Processos,PR_CATEGORIATIPOACOES,5,1
PR,Processos,PR_CAUSARAIZ,3,0
PR,Processos,PR_CFGDISTRIBUICAOPASTAS,24,8
PR,Processos,PR_CLASSIFICACAOPEDIDOS,7,0
PR,Processos,PR_COMARCACIDADES,6,2
PR,Processos,PR_COMARCAORGAODISTRIBUICOES,15,5
PR,Processos,PR_COMARCAORGAOS,17,3
PR,Processos,PR_COMARCAORGAOSCATEGORIA,3,0
PR,Processos,PR_COMARCAS,6,2
PR,Processos,PR_CONFIGURACAORAPIDA,12,2
PR,Processos,PR_CONFIGURACOES,175,18
PR,Processos,PR_CONFIGURACOESAUDIENCIA,8,1
PR,Processos,PR_CONFIGURACOESBIBLIOTECA,4,0
PR,Processos,PR_CONFIRMACAOFECHAMENTO,2,0
PR,Processos,PR_CONSELHOS,4,0
PR,Processos,PR_CONTAPREDICOES,11,1
PR,Processos,PR_CONTASANDAMENTOS,19,2
PR,Processos,PR_CONTASCATEGORIAFILIAL,5,2
PR,Processos,PR_CONTASINTIMACOES,20,3
PR,Processos,PR_CONTASPETICAO,8,0
PR,Processos,PR_CONTASPUBLICACOES,27,1
PR,Processos,PR_CONTASPUBLICACOESINTIMACOES,15,4
PR,Processos,PR_DADOSSGU,16,4
PR,Processos,PR_DATAEVENTOSPORPROCESSO,5,0
PR,Processos,PR_DECOMARCAORGAOS,3,0
PR,Processos,PR_DECOMARCAS,2,0
PR,Processos,PR_DEEVENTOS,2,0
PR,Processos,PR_DEINSTANCIAS,2,0
PR,Processos,PR_DEJUIZOS,3,0
PR,Processos,PR_DEPARTAMENTODIVISOES,9,1
PR,Processos,PR_DEPARTAMENTORESPONSAVEIS,5,2
PR,Processos,PR_DEPARTAMENTOS,34,7
PR,Processos,PR_DEPEDIDOS,13,5
PR,Processos,PR_DEPOSITARIOS,2,0
PR,Processos,PR_DERITOS,3,0
PR,Processos,PR_DESDOBRAMENTOCATEGORIAS,4,1
PR,Processos,PR_DESDOBRAMENTOS,5,0
PR,Processos,PR_DISTRIBUICAOINFOINICIAIS,42,28
PR,Processos,PR_DISTRITOSPOLICIAIS,3,1
PR,Processos,PR_DOCUMENTOS,4,0
PR,Processos,PR_DOMICILIOINFOINICIAIS,33,22
PR,Processos,PR_DOMICILIOSPALAVRASREL,12,2
PR,Processos,PR_EVENTORITOPEDIDO,5,2
PR,Processos,PR_EVENTOS,31,3
PR,Processos,PR_EVENTOSUGESTAOPROVIDENCIAS,29,9
PR,Processos,PR_FAIXASIMPACTOECONOMICO,4,0
PR,Processos,PR_FASEREDUCOES,7,4
PR,Processos,PR_FASES,6,2
PR,Processos,PR_FILTROPROCESSOS,13,2
PR,Processos,PR_FILTROPROVIDENCIAS,7,0
PR,Processos,PR_FILTROPUBLICACOES,11,4
PR,Processos,PR_FINALIDADESEGUROGARANTIA,4,0
PR,Processos,PR_GRUPODOCUMENTOS,2,0
PR,Processos,PR_GRUPOENCERRAMENTO,2,0
PR,Processos,PR_HISTORICOAUDIENCIA,6,1
PR,Processos,PR_HISTORICOPETICAO,17,1
PR,Processos,PR_HISTORICOPREDICAOPEDIDO,5,1
PR,Processos,PR_HISTORICOPREDICAOPROCESSO,16,1
PR,Processos,PR_HISTORICOVALORES,12,4
PR,Processos,PR_INATIVACAOPROVISOES,11,1
PR,Processos,PR_INDICADORES,2,0
PR,Processos,PR_INSTANCIAS,7,1
PR,Processos,PR_INTIMACOESPALAVRASREL,9,2
PR,Processos,PR_JUIZOS,5,0
PR,Processos,PR_JURISPRUDENCIADOCUMENTOS,5,1
PR,Processos,PR_JURISPRUDENCIAS,12,0
PR,Processos,PR_KITBASICODOCUMENTOS,5,3
PR,Processos,PR_KITBASICOS,6,3
PR,Processos,PR_MESESNAOPRESCRITOS,3,0
PR,Processos,PR_MOTIVOCANCELAMENTODOCUMENTO,2,0
PR,Processos,PR_MOTIVOCASSACAOLIMINARES,3,0
PR,Processos,PR_MOTIVODESLIGAMENTO,4,0
PR,Processos,PR_MOTIVOENCSEGUROGARANTIA,4,0
PR,Processos,PR_MOTIVOEXCLUSAOPEDIDOS,2,0
PR,Processos,PR_MOTIVOMUDANCAPARTICIPANTES,4,0
PR,Processos,PR_MOTIVOREATIVACAOPASTAS,2,0
PR,Processos,PR_MOTIVORECUSAQUEST,3,0
PR,Processos,PR_MOTIVORELEVANCIAPROCESSO,3,0
PR,Processos,PR_MOTIVOSCANCELAMENTOFECHAMEN,3,0
PR,Processos,PR_MOTIVOSENCERPROVISAOVALORES,3,0
PR,Processos,PR_MOTIVOSENCERRACARTASFIANCAS,3,0
PR,Processos,PR_MOTIVOSPROVISAOVALORES,3,0
PR,Processos,PR_MOTIVOSREATIVACAOPASTA,2,0
PR,Processos,PR_MOTIVOSUSPENSAOLIMINARES,3,0
PR,Processos,PR_OBJETODEPOSITO_EMPRESA,16,13
PR,Processos,PR_OBJETODEPOSITOS,13,3
PR,Processos,PR_OPERACAOTIPODOCUMENTO,5,2
PR,Processos,PR_ORGAOCOMARCAFOROS,15,4
PR,Processos,PR_ORGAOSCOMARCA,3,0
PR,Processos,PR_ORIGEMJURISPRUDENCIA,3,0
PR,Processos,PR_ORIGENSMOVIMENTACAOFIN,10,1
PR,Processos,PR_PARAMCATEGTABCAMPOS,7,0
PR,Processos,PR_PARAMETRIZACAOCATEGORIAS,3,0
PR,Processos,PR_PARAMETROSATUALIZACAOVALOR,2,0
PR,Processos,PR_PARAMVALORPADRAO,5,0
PR,Processos,PR_PARTEQUALIFICACAO,5,0
PR,Processos,PR_PASTASENVIADAS,10,2
PR,Processos,PR_PASTAVIRTUAL,2,0
PR,Processos,PR_PATRIMONIO,6,0
PR,Processos,PR_PEDIDOQUESTARQUIVOS,5,0
PR,Processos,PR_PEDIDOQUESTIONAMENTOS,20,6
PR,Processos,PR_PEDIDOS,36,5
PR,Processos,PR_PEDIDOSUBSIDIOS,13,4
PR,Processos,PR_PERICIARESULTADOS,4,0
PR,Processos,PR_PERICIAS,2,0
PR,Processos,PR_POSSIVELPREPOSTO,4,0
PR,Processos,PR_POSSIVELTESTEMUNHA,15,3
PR,Processos,PR_PRAZOSEGUROGARANTIA,3,0
PR,Processos,PR_PROCACORDOSHV,10,3
PR,Processos,PR_PROCCARTASFIANCASHV,13,3
PR,Processos,PR_PROCDEPOSITOLANCAMENTOSHV,18,3
PR,Processos,PR_PROCDEPOSITOSHV,23,4
PR,Processos,PR_PROCDESDOBRAMENTOSHV,9,4
PR,Processos,PR_PROCDESDOBRAOBRIGACOESHV,12,3
PR,Processos,PR_PROCESSOACORDOS,13,1
PR,Processos,PR_PROCESSOANDAMENTOSONLINE,25,2
PR,Processos,PR_PROCESSOANDAMENTOSONLINEDOC,8,1
PR,Processos,PR_PROCESSOCALCULOTRABALHISTA,19,2
PR,Processos,PR_PROCESSOCARTASFIANCAS,26,8
PR,Processos,PR_PROCESSOCONEXOS,6,3
PR,Processos,PR_PROCESSODECISAOINSTANCIAS,7,2
PR,Processos,PR_PROCESSODEPOSITOLANCAMENTOS,33,8
PR,Processos,PR_PROCESSODEPOSITOS,68,7
PR,Processos,PR_PROCESSODESDOBRAMENTOMON,26,7
PR,Processos,PR_PROCESSODESDOBRAMENTOS,77,20
PR,Processos,PR_PROCESSODESDOBRAOBRIGACOES,19,3
PR,Processos,PR_PROCESSODESDOBRDOCUMENTOS,6,1
PR,Processos,PR_PROCESSODOCUMENTOS,50,20
PR,Processos,PR_PROCESSOEVENTOOBRDOCUMENTOS,9,1
PR,Processos,PR_PROCESSOEVENTOOBRIGACOES,2,1
PR,Processos,PR_PROCESSOEVENTOOBRIGVALORES,11,2
PR,Processos,PR_PROCESSOEVENTOPROVIDENCIAS,55,17
PR,Processos,PR_PROCESSOEVENTOS,73,16
PR,Processos,PR_PROCESSOEVENTOTEMPORARIO,14,2
PR,Processos,PR_PROCESSOEXCLUSOES,9,1
PR,Processos,PR_PROCESSOHISTORICOSRISCO,11,4
PR,Processos,PR_PROCESSOIMAGENS,7,2
PR,Processos,PR_PROCESSOINTIMACAODOCS,4,1
PR,Processos,PR_PROCESSOINTIMACOES,59,2
PR,Processos,PR_PROCESSOINTIMACOESLOG,8,2
PR,Processos,PR_PROCESSOJURISPRUDENCIAS,8,2
PR,Processos,PR_PROCESSOKITBASICODOCUMENTOS,19,7
PR,Processos,PR_PROCESSOLOGS,9,2
PR,Processos,PR_PROCESSOMOVIMENTACOES,23,10
PR,Processos,PR_PROCESSOMOVIMENTACOESFIN,41,6
PR,Processos,PR_PROCESSOMOVIMENTACOESRAT,6,2
PR,Processos,PR_PROCESSOPAITRIBUTOS,6,2
PR,Processos,PR_PROCESSOPARTICIPANTEAUDITOR,25,11
PR,Processos,PR_PROCESSOPARTICIPANTELOG,4,1
PR,Processos,PR_PROCESSOPARTICIPANTES,22,8
PR,Processos,PR_PROCESSOPEDIDOCALCULOS,12,3
PR,Processos,PR_PROCESSOPEDIDOHSTAPROVACOES,8,1
PR,Processos,PR_PROCESSOPEDIDOINSTANCIAS,20,4
PR,Processos,PR_PROCESSOPEDIDOPROVISOES,23,2
PR,Processos,PR_PROCESSOPEDIDOQUEST,50,13
PR,Processos,PR_PROCESSOPEDIDOS,81,11
PR,Processos,PR_PROCESSOPENHORABENSPENHORAD,7,3
PR,Processos,PR_PROCESSOPENHORALEVANTAMENTO,18,3
PR,Processos,PR_PROCESSOPENHORAONLINE,30,2
PR,Processos,PR_PROCESSOPENHORAONLINEDESBLO,23,3
PR,Processos,PR_PROCESSOPENHORAS,56,10
PR,Processos,PR_PROCESSOPRODUTOS,15,4
PR,Processos,PR_PROCESSOPROVISAOALTERACOES,10,3
PR,Processos,PR_PROCESSOPROVISAOVALORES,45,7
PR,Processos,PR_PROCESSOPUBLICACOES,38,4
PR,Processos,PR_PROCESSOPUBLICACOESDOCUMENT,6,1
PR,Processos,PR_PROCESSOPUBLICACOESLOG,7,2
PR,Processos,PR_PROCESSOREATIVACAOPASTA,10,3
PR,Processos,PR_PROCESSOS,246,37
PR,Processos,PR_PROCESSOSQ,41,6
PR,Processos,PR_PROCESSOTESTEMUNHAS,3,0
PR,Processos,PR_PROCESSOTRIBUTOOBSERVACOES,5,0
PR,Processos,PR_PROCESSOTRIBUTOS,91,4
PR,Processos,PR_PROCEVENTOOBRIGACOESHV,12,3
PR,Processos,PR_PROCEVENTOOBRIGVALORESHV,14,3
PR,Processos,PR_PROCEVENTOPROVIDPRORROGADAS,13,2
PR,Processos,PR_PROCEVENTOPROVIDTRANSFERIDA,23,5
PR,Processos,PR_PROCHISTPROVISAORATEIO,78,3
PR,Processos,PR_PROCHV,20,2
PR,Processos,PR_PROCINTIMACAOPARTICIPANTES,6,0
PR,Processos,PR_PROCMOVIMENTACOESAUDITORIA,7,2
PR,Processos,PR_PROCPEDIDOHV,32,8
PR,Processos,PR_PROCPEDIDOINSTANCIAHV,18,4
PR,Processos,PR_PROCPEDIDOPROVHISTVALORES,44,7
PR,Processos,PR_PROCPEDIDOPROVISOESHV,18,4
PR,Processos,PR_PROCPENHORAHV,27,4
PR,Processos,PR_PROCPENHORALEVANTAMENTOHV,13,4
PR,Processos,PR_PROCPENHORAONLINEHV,15,3
PR,Processos,PR_PROCPREVISAOCONTRATUAIS,5,2
PR,Processos,PR_PROCTRIBUTOSHV,23,3
PR,Processos,PR_PRODUTOITENS,7,2
PR,Processos,PR_PRODUTOS,5,1
PR,Processos,PR_PROFISSOES,4,0
PR,Processos,PR_PRONOMESTRATAMENTO,2,0
PR,Processos,PR_PROVIDENCIADETALHES,4,0
PR,Processos,PR_PROVIDENCIAEVENTOS,16,1
PR,Processos,PR_PROVIDENCIAEVENTOTIPODOC,3,0
PR,Processos,PR_PROVISAOFECHAMCATEGORIA,7,2
PR,Processos,PR_PROVISAOHISTMEDIATIPOACAO,0,0
PR,Processos,PR_PROVISAOHISTMESANTECEDENTES,14,3
PR,Processos,PR_PROVISAOHISTORICOMEDIACAT,38,3
PR,Processos,PR_PROVISAOPROCESSOS,8,4
PR,Processos,PR_PROVISAOREGRAMEDIAFILTROS,6,3
PR,Processos,PR_PROVISAOVALORESFECHAMENTO,15,3
PR,Processos,PR_PUBLICACOES,2,0
PR,Processos,PR_PUBLICACOESPALAVRASREL,15,6
PR,Processos,PR_QUESTIONAMENTOSPEDIDOS,2,0
PR,Processos,PR_RAMOSPROCESSUAIS,6,0
PR,Processos,PR_REGRASDISTRIBUICAO,19,12
PR,Processos,PR_REMESSARECEPCAOPASTAS,26,8
PR,Processos,PR_RESPAVALIACAOPOSAUDIENCIA,4,0
PR,Processos,PR_RESPONSAVELPROVIDENCIA,2,0
PR,Processos,PR_RESPOSTAAVALIACAOAUDIENCIA,6,2
PR,Processos,PR_RISCOS,7,0
PR,Processos,PR_RITORAMOSPROCESSUAIS,4,1
PR,Processos,PR_RITOS,7,3
PR,Processos,PR_SENTENCAOBRIGACOES,2,0
PR,Processos,PR_SIMULACAOVALORES,13,0
PR,Processos,PR_SITUACAOATIVIDADE,2,0
PR,Processos,PR_SOLICITACAOPEDIDOS,66,11
PR,Processos,PR_SOLICITACAOSEGUROGARANTIA,27,7
PR,Processos,PR_TESTAUSENCIAMOTIVOS,2,0
PR,Processos,PR_TESTAUSENCIANOTIFICACOES,2,0
PR,Processos,PR_TESTCONVOCACAOTEXTOS,2,0
PR,Processos,PR_TESTQUALIDADEDEPOIMENTOS,2,0
PR,Processos,PR_TIPOACORDO,2,0
PR,Processos,PR_TIPODOCUMENTODEPOSITO,2,0
PR,Processos,PR_TIPOOUTROSDESDOBRAMENTO,2,0
PR,Processos,PR_TIPOSEGUROGARANTIA,3,0
PR,Processos,PR_TIPOSENCERRAMENTO,7,1
PR,Processos,PR_TIPOSENCERRAMENTODOCS,5,2
PR,Processos,PR_TIPOSENTENCA,2,0
PR,Processos,PR_TITULOS,5,1
PR,Processos,PR_TOKENDOMICILIO,4,0
PR,Processos,PR_TRATAMENTOS,2,0
PR,Processos,PR_TRIBUNALINTIMACOES,4,0
PR,Processos,PR_TRIBUTOS,11,2
PR,Processos,PR_VINCULOCONTAPROCESSO,14,1
PR,Processos,PR_VOCATIVOS,3,0
PR,Processos,PR_WEBCONFIG,5,0
RE,Relatórios,RE_ASSUNTOS,4,0
RE,Relatórios,RE_CONFIGURACOES,12,2
RE,Relatórios,RE_DOCHISTORICOPORTAL,5,0
RE,Relatórios,RE_DOCUMENTOANEXOS,8,2
RE,Relatórios,RE_DOCUMENTOEVENTOPROVIDENCIAS,32,7
RE,Relatórios,RE_DOCUMENTOEVENTOS,8,1
RE,Relatórios,RE_DOCUMENTONUMERODOCS,5,1
RE,Relatórios,RE_DOCUMENTOS,55,24
RE,Relatórios,RE_EVENTOS,5,0
RE,Relatórios,RE_EVENTOSUGESTAOPROVIDENCIAS,12,3
RE,Relatórios,RE_PROVIDENCIAS,2,0
RE,Relatórios,RE_TIPOLICENCAALVARAALERTAS,9,2
RE,Relatórios,RE_TIPOLICENCAALVARADOCALERTA,4,1
RE,Relatórios,RE_TIPOLICENCAALVARAPROV,5,1
RE,Relatórios,RE_TIPOSLICENCAALVARA,9,3
RE,Relatórios,RE_TIPOSSITUACAO,2,0
RE,Relatórios,RE_TIPOSTATUS,2,0
SO,Sociedade,SO_ACIONISTAINATIVACAOMOTIVOS,2,0
SO,Sociedade,SO_ACIONISTAPARTICIPACOES,9,3
SO,Sociedade,SO_ACIONISTAQUOTAS,44,6
SO,Sociedade,SO_ADMINISTRACAOCARGOS,4,2
SO,Sociedade,SO_ATOSEMPROVIDENCIAS,19,4
SO,Sociedade,SO_ATOSOCIETARIOPARTICIPANTES,4,1
SO,Sociedade,SO_ATOSOCIETARIOS,4,0
SO,Sociedade,SO_ATOSPROVIDENCIAS,17,2
SO,Sociedade,SO_CAPITALTIPOACOES,7,2
SO,Sociedade,SO_CARGOPODERES,5,1
SO,Sociedade,SO_CARTORIOS,13,2
SO,Sociedade,SO_CLASSIFATOSESPECIFICACOES,4,0
SO,Sociedade,SO_CLASSIFICACAOATOS,3,0
SO,Sociedade,SO_CLASSIFICACAODECISAO,4,0
SO,Sociedade,SO_CLASSIFICACAONORMA,4,0
SO,Sociedade,SO_CODIGOSCNAE,3,0
SO,Sociedade,SO_COMITEASSESSORAMENTOS,5,2
SO,Sociedade,SO_COMITES,7,0
SO,Sociedade,SO_CONFIGURACOES,30,4
SO,Sociedade,SO_DELIBERACOES,2,0
SO,Sociedade,SO_EVENTOSSOCIETARIOS,4,0
SO,Sociedade,SO_FUNCOESREGULATORIAS,19,0
SO,Sociedade,SO_INSTITUICAOACIONISTAS,30,5
SO,Sociedade,SO_INSTITUICAOADMCARGOS,4,1
SO,Sociedade,SO_INSTITUICAOADMINISMANDATOS,9,3
SO,Sociedade,SO_INSTITUICAOADMINISTRACOES,4,1
SO,Sociedade,SO_INSTITUICAOADMINISTRADORES,17,6
SO,Sociedade,SO_INSTITUICAOALERTAENVIADOS,8,0
SO,Sociedade,SO_INSTITUICAOALTERACAOCAPITAL,40,3
SO,Sociedade,SO_INSTITUICAOATODELIBERACOES,5,2
SO,Sociedade,SO_INSTITUICAOATOS,23,4
SO,Sociedade,SO_INSTITUICAOCARGOAREASCOPIA,6,4
SO,Sociedade,SO_INSTITUICAOCARGOCOMPETENCIA,21,2
SO,Sociedade,SO_INSTITUICAOCARGOS,4,0
SO,Sociedade,SO_INSTITUICAOCONSELHOS,8,1
SO,Sociedade,SO_INSTITUICAOCOPIAPARA,3,0
SO,Sociedade,SO_INSTITUICAODECISAOAREACOPIA,6,3
SO,Sociedade,SO_INSTITUICAODECISAOAREAENV,6,3
SO,Sociedade,SO_INSTITUICAODECISAOCIRCULAR,32,4
SO,Sociedade,SO_INSTITUICAODECISAOCOMIALERT,15,2
SO,Sociedade,SO_INSTITUICAODECISAOCOMISSAO,14,3
SO,Sociedade,SO_INSTITUICAODECISAOCOMPARTIC,13,4
SO,Sociedade,SO_INSTITUICAODECISAOESTRUTURA,5,1
SO,Sociedade,SO_INSTITUICAODECISAOREVOGADAS,6,0
SO,Sociedade,SO_INSTITUICAODIRETORIA,3,0
SO,Sociedade,SO_INSTITUICAODIRETORIAS,8,1
SO,Sociedade,SO_INSTITUICAOENDERECOS,10,4
SO,Sociedade,SO_INSTITUICAOENVIARPARA,5,1
SO,Sociedade,SO_INSTITUICAOEVENTOPROVIDENCI,33,6
SO,Sociedade,SO_INSTITUICAOEVENTOPROVPROROG,11,2
SO,Sociedade,SO_INSTITUICAOEVENTOPROVTRANSF,11,2
SO,Sociedade,SO_INSTITUICAOEVENTOS,11,1
SO,Sociedade,SO_INSTITUICAOFILIAIS,28,7
SO,Sociedade,SO_INSTITUICAONORMAREVOGADAS,5,1
SO,Sociedade,SO_INSTITUICAONORMAS,26,3
SO,Sociedade,SO_INSTITUICAONORMASAREASCOP,5,2
SO,Sociedade,SO_INSTITUICAONORMASAREASENV,6,2
SO,Sociedade,SO_INSTITUICAOORGANOGRAMA,12,1
SO,Sociedade,SO_INSTITUICAOORGANOGRAMAAREAS,4,2
SO,Sociedade,SO_INSTITUICAOORGAOS,3,0
SO,Sociedade,SO_INSTITUICAOTIPOSFILIAIS,4,1
SO,Sociedade,SO_INSTITUICOES,92,6
SO,Sociedade,SO_MOTIVODESLIGAMENTOPARTICIPA,2,0
SO,Sociedade,SO_MOTIVOENCERRAMENTOFILIAL,4,0
SO,Sociedade,SO_MOTIVOINATIVACAOCOMISSOES,2,0
SO,Sociedade,SO_MOTIVOINATIVACOES,2,0
SO,Sociedade,SO_MOTIVOSOLICITACOES,3,0
SO,Sociedade,SO_NATUREZAJURIDICAS,4,0
SO,Sociedade,SO_OBJETIVODECISAOCIRCULAR,2,0
SO,Sociedade,SO_ORGAOREGULADOR,4,0
SO,Sociedade,SO_OUTORGADOS,5,2
SO,Sociedade,SO_OUTORGANTEREPRESENTANTES,6,1
SO,Sociedade,SO_OUTORGANTES,6,2
SO,Sociedade,SO_PERTENCEAOGRUPO,5,2
SO,Sociedade,SO_PESSOACARGOS,14,4
SO,Sociedade,SO_PESSOAFUNCOES,5,2
SO,Sociedade,SO_PODERES,4,0
SO,Sociedade,SO_PROCSUBSMANDREPRESENTANTES,5,2
SO,Sociedade,SO_PROCSUBSTSUBSTABELCOMPGRUPO,3,0
SO,Sociedade,SO_PROCURACAOAREADESTINO,6,4
SO,Sociedade,SO_PROCURACAOCONTRATOS,4,1
SO,Sociedade,SO_PROCURACAODOCUMENTOS,15,4
SO,Sociedade,SO_PROCURACAOPODERES,5,1
SO,Sociedade,SO_PROCURACAOPODERPROCESSOS,7,2
SO,Sociedade,SO_PROCURACAOSUBSTABDOCUMENTOS,7,1
SO,Sociedade,SO_PROCURACAOSUBSTABELECIMENTO,44,13
SO,Sociedade,SO_PROCURACAOSUBSTABMANDATARIO,4,2
SO,Sociedade,SO_PROCURACAOSUBSTABPODERES,6,2
SO,Sociedade,SO_PROCURACAOSUBSTABPODERPROC,6,2
SO,Sociedade,SO_PROCURACAOSUBSUBSTABELECIDO,6,2
SO,Sociedade,SO_PROCURACAOUTORGADOCOMPGRUPO,4,1
SO,Sociedade,SO_PROCURACOES,81,21
SO,Sociedade,SO_PROCURACOESGRUPOPARTICIP,3,0
SO,Sociedade,SO_PROCURACOESGRUPOS,4,1
SO,Sociedade,SO_PROVIDENCIAS,2,0
SO,Sociedade,SO_RECURSOS,4,2
SO,Sociedade,SO_REVOGACAOMOTIVOS,3,0
SO,Sociedade,SO_SIGLAATOS,4,0
SO,Sociedade,SO_SUGESTAOPROVIDENCIAS,12,1
SO,Sociedade,SO_TIMESHEET,13,3
SO,Sociedade,SO_TIMESHEETASSUNTO,3,0
SO,Sociedade,SO_TIMESHEETATIVIDADE,4,0
SO,Sociedade,SO_TIPO,4,0
SO,Sociedade,SO_TIPOACOES,3,0
SO,Sociedade,SO_TIPOADMINISTRACOES,2,0
SO,Sociedade,SO_TIPOALERTAS,3,0
SO,Sociedade,SO_TIPOATODOCUMENTOS,11,2
SO,Sociedade,SO_TIPOATOS,11,2
SO,Sociedade,SO_TIPODOCUMENTOS,2,0
SO,Sociedade,SO_TIPOFILIAIS,4,0
SO,Sociedade,SO_TIPOINSTITUICOES,2,0
WF,Workflow,WF_ALCADAAPROVACAO,25,3
WF,Workflow,WF_ALCADAAPROVACAOCONTRATOS,37,10
WF,Workflow,WF_ALCADAFINANCEIRACONTRATOS,13,4
WF,Workflow,WF_ALERTADOMICILIOSPALAVRAS,12,4
WF,Workflow,WF_ANALISEJURIDICACONTRATOS,21,2
WF,Workflow,WF_ANALISENEGOCIOCONTRATO,41,10
WF,Workflow,WF_APROVACAOASSISTENTE,13,4
WF,Workflow,WF_APROVACAOCONTRATO,23,5
WF,Workflow,WF_APROVACOESFINANCEIRAS,118,18
WF,Workflow,WF_AVALIACAOESCRITORIOSUBJETIV,7,3
WF,Workflow,WF_AVALIACAOREVISAONOTAS,12,4
WF,Workflow,WF_COBRARDOCUMENTOSCONCILIACAO,13,3
WF,Workflow,WF_CSTRIAGEMDOCUMENTOS,5,0
WF,Workflow,WF_DISTRIBUICAOPASTA,30,5
WF,Workflow,WF_DISTRIBUICAOPASTAONLINE,2,0
WF,Workflow,WF_ENCERRAMENTOAUTOMATICO,16,5
WF,Workflow,WF_ENTRADACALCULOS,19,4
WF,Workflow,WF_EXAPROVACAOSOLICITACAO,29,3
WF,Workflow,WF_EXECUCAOPROVIDENCIAS,50,8
WF,Workflow,WF_IMAPROVACAOSOLICITACAO,48,7
WF,Workflow,WF_IMCONDICAORESOLUTIVA,11,2
WF,Workflow,WF_IMELABORACAOCONTRATO,9,1
WF,Workflow,WF_IMPROVIDENCIAS,14,2
WF,Workflow,WF_INCONSISTENCIAS,19,4
WF,Workflow,WF_MANIFESTACAOSOLICITACAO,12,5
WF,Workflow,WF_MOTIVOALTERACAOTAREFAS,3,0
WF,Workflow,WF_NOTIFICACOESAUTOMATICAS,7,1
WF,Workflow,WF_NOTIFICARANEXODISPONIVEL,10,3
WF,Workflow,WF_PALAVRASPUBLICACOES,10,5
WF,Workflow,WF_PRORROGACAOPRAZOTAREFA,13,4
WF,Workflow,WF_REATIVACAOPASTABAIXAPROVIS,37,11
WF,Workflow,WF_RENOVACAOCONTRATOS,0,0
WF,Workflow,WF_RENOVACAOLICENCASIMOB,9,2
WF,Workflow,WF_SOLICITACAOADIANTAMENTOREEM,35,6
WF,Workflow,WF_SOLICITACAOBAIXAPROVISORIA,10,2
WF,Workflow,WF_SOLICITACAOCALCULO,33,6
WF,Workflow,WF_SOLICITACAOCIRCULARIZACAO,12,4
WF,Workflow,WF_SOLICITACAODEALTERACAO,73,15
WF,Workflow,WF_SOLICITACAODEPOSITOS,56,10
WF,Workflow,WF_SOLICITACAOENCERRAPASTA,15,1
WF,Workflow,WF_SOLICITACAOENTRADAPASTA,7,1
WF,Workflow,WF_SOLICITACAOEXCLUSAOPEDIDO,12,5
WF,Workflow,WF_SOLICITACAOHONORARIOS,17,4
WF,Workflow,WF_SOLICITACAOHONORARIOSAPROVA,12,4
WF,Workflow,WF_SOLICITACAOHONORARIOSAUDITO,9,1
WF,Workflow,WF_SOLICITACAOHONORARIOSPEDIDO,13,4
WF,Workflow,WF_SOLICITACAOPAGAMENTOS,51,9
WF,Workflow,WF_SOLICITACAOPEDIDOS,15,5
WF,Workflow,WF_SOLICITACAOPROCURACOES,37,12
WF,Workflow,WF_SOLICITACAOREATIVACAOPASTA,9,0
WF,Workflow,WF_SOLICITACAOSEGUROGARANTIA,26,5
WF,Workflow,WF_SOLICITACOES,77,22
WF,Workflow,WF_SOLICITACOESFINANCEIRAS,55,10
WF,Workflow,WF_TAREFAPRAZOSAPLICADOS,8,1
WF,Workflow,WF_TAREFAREGRAFLUXOS,3,1
WF,Workflow,WF_TAREFAREGRAS,18,2
WF,Workflow,WF_TAREFASCOORDENACAOAUDITORIA,11,3
WF,Workflow,WF_TRIAGENSCONSULTIVOSMART,21,6
WF,Workflow,WF_VALIDACAOPASTA,13,3
WF,Workflow,WF_VC_AJUIZAMENTOCONTRATOITENS,7,1
WF,Workflow,WF_VC_AJUIZAMENTOCONTRATOS,34,11
WF,Workflow,WF_VERIFICACOESESOCIAL,9,1
Z,Sistema/Framework,Z_2FALIBERACOES,49,1
Z,Sistema/Framework,Z_AGENDACAMPOPERMISSOES,4,1
Z,Sistema/Framework,Z_AGENDACAMPOS,5,1
Z,Sistema/Framework,Z_AGENDAMENTOFILHOS,5,2
Z,Sistema/Framework,Z_AGENDAMENTOLOG,11,1
Z,Sistema/Framework,Z_AGENDAMENTOPARAMETROS,3,1
Z,Sistema/Framework,Z_AGENDAMENTOREQUISICOES,53,7
Z,Sistema/Framework,Z_AGENDAPAGINAPERMISSOES,4,1
Z,Sistema/Framework,Z_AGENDAS,11,5
Z,Sistema/Framework,Z_AGENDAUSUARIOS,5,0
Z,Sistema/Framework,Z_AGRUPAMENTOCUBOS,5,2
Z,Sistema/Framework,Z_AJUDAARVORES,3,0
Z,Sistema/Framework,Z_AJUDADOCUMENTOS,4,0
Z,Sistema/Framework,Z_AJUDAGRUPODOCUMENTOS,2,0
Z,Sistema/Framework,Z_AJUDAIMAGENS,2,0
Z,Sistema/Framework,Z_AJUDATEXTOS,3,0
Z,Sistema/Framework,Z_ALCADAS,2,0
Z,Sistema/Framework,Z_APELIDOS,2,0
Z,Sistema/Framework,Z_ARQUIVOSTEMPORARIOS,3,0
Z,Sistema/Framework,Z_ARVOREARVORES,8,2
Z,Sistema/Framework,Z_ARVORECOMANDOS,15,1
Z,Sistema/Framework,Z_ARVORES,13,0
Z,Sistema/Framework,Z_ARVORETABELABLOQUEIOS,2,0
Z,Sistema/Framework,Z_ARVORETABELACAMPOS,8,4
Z,Sistema/Framework,Z_ARVORETABELAPAGINAS,9,4
Z,Sistema/Framework,Z_ARVORETABELAS,25,6
Z,Sistema/Framework,Z_ASSISTENTESVIRTUAIS,4,0
Z,Sistema/Framework,Z_AUTH_CONFIG,2,0
Z,Sistema/Framework,Z_AUTH_CONFIG_PARAMS,4,0
Z,Sistema/Framework,Z_BTLREQUISICOES,13,0
Z,Sistema/Framework,Z_CAMPOS,41,8
Z,Sistema/Framework,Z_CAMPOSINDICES,4,1
Z,Sistema/Framework,Z_CAMPOSPESQUISAR,6,3
Z,Sistema/Framework,Z_CERTIFICADORAS,26,1
Z,Sistema/Framework,Z_CLIENTEMODULOS,2,0
Z,Sistema/Framework,Z_CLIENTEMODULOSESPECIFICOS,2,0
Z,Sistema/Framework,Z_CLIENTES,15,0
Z,Sistema/Framework,Z_CLIENTETABELAS,5,2
Z,Sistema/Framework,Z_COMANDOSEXECUTADOS,8,0
Z,Sistema/Framework,Z_COMPARADOR,9,0
Z,Sistema/Framework,Z_CONEXAOLOCKS,3,0
Z,Sistema/Framework,Z_CONTADORES,6,0
Z,Sistema/Framework,Z_CONTADORITENS,6,1
Z,Sistema/Framework,Z_CONTEUDOSTEMPORARIOS,3,0
Z,Sistema/Framework,Z_CUBOAGRUPAMENTOS,2,0
Z,Sistema/Framework,Z_CUBOGERACAOVISOES,4,1
Z,Sistema/Framework,Z_CUBOGERACOES,5,0
Z,Sistema/Framework,Z_CUBOS,22,1
Z,Sistema/Framework,Z_CUBOUSUARIOS,3,0
Z,Sistema/Framework,Z_DATAPACKETLEGENDAS,5,0
Z,Sistema/Framework,Z_DATAPACKETS,14,1
Z,Sistema/Framework,Z_DATAPACKETUSUARIOS,4,0
Z,Sistema/Framework,Z_DATAS,9,0
Z,Sistema/Framework,Z_DESKTOPGRUPOS,7,1
Z,Sistema/Framework,Z_DESKTOPPLUGINS,3,0
Z,Sistema/Framework,Z_DESKTOPS,3,0
Z,Sistema/Framework,Z_EMAILANEXOS,3,0
Z,Sistema/Framework,Z_EMAILAUTH,7,0
Z,Sistema/Framework,Z_EMAILAUTHTOKEN,4,0
Z,Sistema/Framework,Z_EMAILS,22,0
Z,Sistema/Framework,Z_EMPRESATRADUCOES,4,1
Z,Sistema/Framework,Z_ENTITYDEFINITIONGENERATOR,12,1
Z,Sistema/Framework,Z_EXTENSOES,3,0
Z,Sistema/Framework,Z_FERIADOS,8,0
Z,Sistema/Framework,Z_FILAMENSAGENS,12,1
Z,Sistema/Framework,Z_FILAS,2,0
Z,Sistema/Framework,Z_FILTROCONDICOES,11,2
Z,Sistema/Framework,Z_FILTRORELATORIO,3,0
Z,Sistema/Framework,Z_FILTROS,9,1
Z,Sistema/Framework,Z_FLAGSGRUPO,3,0
Z,Sistema/Framework,Z_FLAGSITENS,8,1
Z,Sistema/Framework,Z_FORMULARIOCAMPOS,26,5
Z,Sistema/Framework,Z_FORMULARIOPAGINAS,4,0
Z,Sistema/Framework,Z_FORMULARIOS,6,1
Z,Sistema/Framework,Z_FORMVIEWGENERATOR,7,0
Z,Sistema/Framework,Z_GRIDVIEWGENERATOR,13,3
Z,Sistema/Framework,Z_GRUPOARVORES,8,1
Z,Sistema/Framework,Z_GRUPOARVORESGENERICAS,4,1
Z,Sistema/Framework,Z_GRUPOARVORETABELACOMANDOS,7,4
Z,Sistema/Framework,Z_GRUPOARVORETABELAS,9,2
Z,Sistema/Framework,Z_GRUPOCOMANDOS,4,1
Z,Sistema/Framework,Z_GRUPOGRUPOS,3,0
Z,Sistema/Framework,Z_GRUPOREGRASSENHAS,13,1
Z,Sistema/Framework,Z_GRUPOS,13,0
Z,Sistema/Framework,Z_GRUPOSAGENDAMENTOS,2,0
Z,Sistema/Framework,Z_GRUPOTABELACAMPOS,7,2
Z,Sistema/Framework,Z_GRUPOTABELAS,7,1
Z,Sistema/Framework,Z_GRUPOTESTEFUNCAOEXECUCAO,3,0
Z,Sistema/Framework,Z_GRUPOTESTEFUNCOES,10,0
Z,Sistema/Framework,Z_GRUPOTESTES,2,0
Z,Sistema/Framework,Z_GRUPOUSUARIOALCADAS,4,1
Z,Sistema/Framework,Z_GRUPOUSUARIOEMPRESAFILIAIS,4,2
Z,Sistema/Framework,Z_GRUPOUSUARIOEMPRESAS,4,1
Z,Sistema/Framework,Z_GRUPOUSUARIOGRUPOS,4,1
Z,Sistema/Framework,Z_GRUPOUSUARIOLOGREPORTS,8,1
Z,Sistema/Framework,Z_GRUPOUSUARIOLOGSQLS,4,0
Z,Sistema/Framework,Z_GRUPOUSUARIOMENSAGENS,8,1
Z,Sistema/Framework,Z_GRUPOUSUARIOS,77,4
Z,Sistema/Framework,Z_GRUPOUSUARIOSENHAS,5,0
Z,Sistema/Framework,Z_HISTORICO,9,0
Z,Sistema/Framework,Z_IDIOMAS,2,0
Z,Sistema/Framework,Z_IDIOMATRADUCOES,4,1
Z,Sistema/Framework,Z_IMAGENS,2,0
Z,Sistema/Framework,Z_INDICECAMPOS,4,1
Z,Sistema/Framework,Z_INDICES,10,0
Z,Sistema/Framework,Z_LEIAUTECAMPOS,3,1
Z,Sistema/Framework,Z_LEIAUTECAMPOSATUALIZAR,3,1
Z,Sistema/Framework,Z_LEIAUTECAMPOSCHAVE,3,1
Z,Sistema/Framework,Z_LEIAUTECAMPOSVALOR,4,1
Z,Sistema/Framework,Z_LEIAUTES,9,4
Z,Sistema/Framework,Z_LEIAUTESUBARVORE,5,2
Z,Sistema/Framework,Z_LGPD_CAMPOS,7,1
Z,Sistema/Framework,Z_LGPD_CAMPOSCHAVE,3,0
Z,Sistema/Framework,Z_LGPD_CONFIG,10,0
Z,Sistema/Framework,Z_LGPD_RELACIONAMENTOS,7,1
Z,Sistema/Framework,Z_LGPD_RELATORIOS,3,0
Z,Sistema/Framework,Z_LGPD_TABELAS,4,0
Z,Sistema/Framework,Z_LOG,12,1
Z,Sistema/Framework,Z_LOGAUTENTICACAO,13,0
Z,Sistema/Framework,Z_LOGNOTRANSACTION,9,0
Z,Sistema/Framework,Z_LOGRELATORIOSEMITIDOS,14,0
Z,Sistema/Framework,Z_MACROS,11,2
Z,Sistema/Framework,Z_MASCARAGRUPOS,5,1
Z,Sistema/Framework,Z_MASCARANIVEIS,4,1
Z,Sistema/Framework,Z_MASCARANIVELREGISTROS,10,2
Z,Sistema/Framework,Z_MQSTATUSMENSAGENS,6,3
Z,Sistema/Framework,Z_NEWS,7,0
Z,Sistema/Framework,Z_NEWSMODULOS,4,1
Z,Sistema/Framework,Z_OBJETOSNEGOCIO,6,1
Z,Sistema/Framework,Z_OPERACOES,5,1
Z,Sistema/Framework,Z_PAGINAS,7,0
Z,Sistema/Framework,Z_PAGINASWEB,14,2
Z,Sistema/Framework,Z_PAGINAWEBCAMPOS,4,1
Z,Sistema/Framework,Z_PAGINAWEBGRUPOS,4,2
Z,Sistema/Framework,Z_PAGINAWEBPAGINAS,4,1
Z,Sistema/Framework,Z_PAGINAWEBROTULOS,4,1
Z,Sistema/Framework,Z_PALAVRASRESERVADAS,2,0
Z,Sistema/Framework,Z_PAPEIS,4,0
Z,Sistema/Framework,Z_PAPELATRIBUICOES,6,1
Z,Sistema/Framework,Z_PAPELPAPEIS,5,0
Z,Sistema/Framework,Z_PAPELTAREFAS,5,0
Z,Sistema/Framework,Z_PERFIS,2,0
Z,Sistema/Framework,Z_PERIODOS,2,0
Z,Sistema/Framework,Z_PLANILHACHAVES,9,6
Z,Sistema/Framework,Z_PLANILHAFUNCOES,9,0
Z,Sistema/Framework,Z_PLANILHAS,7,1
Z,Sistema/Framework,Z_PLANILHAUSUARIOS,4,1
Z,Sistema/Framework,Z_PROCESSOS,30,2
Z,Sistema/Framework,Z_QTQUESTAOOPCOES,6,2
Z,Sistema/Framework,Z_QTQUESTIONARIOS,3,0
Z,Sistema/Framework,Z_QTQUESTOES,12,4
Z,Sistema/Framework,Z_QTRESPOSTAQUESTOES,9,4
Z,Sistema/Framework,Z_QTRESPOSTAS,5,1
Z,Sistema/Framework,Z_REGISTROSEXCLUIDOS,2,0
Z,Sistema/Framework,Z_RESUMOS,6,1
Z,Sistema/Framework,Z_SCRIPTSAPLICADOS,3,0
Z,Sistema/Framework,Z_SISTEMA,92,53
Z,Sistema/Framework,Z_SMS_CONFIG,6,0
Z,Sistema/Framework,Z_SP,2,0
Z,Sistema/Framework,Z_SPBANCO,3,0
Z,Sistema/Framework,Z_SYSTEMMONITOR,9,0
Z,Sistema/Framework,Z_TABELACAMPOSGRID,6,2
Z,Sistema/Framework,Z_TABELACAMPOSRESULTADO,6,2
Z,Sistema/Framework,Z_TABELAFUNCOES,7,1
Z,Sistema/Framework,Z_TABELAHANDLES,2,0
Z,Sistema/Framework,Z_TABELAPARTICAOCAMPOS,4,1
Z,Sistema/Framework,Z_TABELAPARTICOES,6,1
Z,Sistema/Framework,Z_TABELAS,32,1
Z,Sistema/Framework,Z_TABELASCOMAUDITORIA,5,1
Z,Sistema/Framework,Z_TABELASCOMEMPRESAMESTRE,2,0
Z,Sistema/Framework,Z_TABELASPORPERIODO,2,0
Z,Sistema/Framework,Z_TABELASTRIGGERS,10,0
Z,Sistema/Framework,Z_TABELATEMPORARIA,3,0
Z,Sistema/Framework,Z_TAREFACAMPOS,8,2
Z,Sistema/Framework,Z_TAREFACOMPONENTESNEGOCIO,6,1
Z,Sistema/Framework,Z_TAREFAOPERACOES,6,1
Z,Sistema/Framework,Z_TAREFAPROCESSOS,7,1
Z,Sistema/Framework,Z_TAREFAS,4,0
Z,Sistema/Framework,Z_TAREFATAREFAS,5,0
Z,Sistema/Framework,Z_TIPOSDADOS,4,0
Z,Sistema/Framework,Z_TRANSACOES,4,0
Z,Sistema/Framework,Z_TRIGGERS,3,0
Z,Sistema/Framework,Z_USUARIOAUTENTICACAO,0,0
Z,Sistema/Framework,Z_VARIAVEIS,3,0
Z,Sistema/Framework,Z_VERSOES,4,0
Z,Sistema/Framework,Z_VIRTUAL_COPIAUSUARIO,7,2
Z,Sistema/Framework,Z_VIRTUAL_ENTERPROCESS,2,0
Z,Sistema/Framework,Z_VIRTUAL_LOGVIEW,11,2
Z,Sistema/Framework,Z_VIRTUAL_REENVIOEMAIL,5,0
Z,Sistema/Framework,Z_VIRTUAL_SAVEDESKTOP,3,0
Z,Sistema/Framework,Z_VIRTUAL_SCHCUBE,10,2
Z,Sistema/Framework,Z_VIRTUAL_SCHDATAPACKET,10,1
Z,Sistema/Framework,Z_VIRTUAL_SCHPROCESS,12,5
Z,Sistema/Framework,Z_VIRTUAL_SCHREPORT,17,4
Z,Sistema/Framework,Z_VIRTUAL_SCHSYSTEM,7,1
Z,Sistema/Framework,Z_VIRTUALIZACAODB,6,0
Z,Sistema/Framework,Z_VIRTUALIZACAODBPROVEDORES,8,0
Z,Sistema/Framework,Z_VISAOPERFIS,5,2
Z,Sistema/Framework,Z_VISOES,5,0
Z,Sistema/Framework,Z_WF_ENGINESERVICE,0,0
Z,Sistema/Framework,Z_WF_ENTITYSERVICE,0,0
Z,Sistema/Framework,Z_WFEXPORTADOR,9,4
Z,Sistema/Framework,Z_WFGRUPOS,6,3
Z,Sistema/Framework,Z_WFGRUPOS_PARAMETRIZACOES,23,20
Z,Sistema/Framework,Z_WFIMPORTADOR,4,0
Z,Sistema/Framework,Z_WFJORNADADETRABALHO,3,0
Z,Sistema/Framework,Z_WFJORNADADETRABALHOHORARIOS,5,0
Z,Sistema/Framework,Z_WFLEMBRETEPARTICIPANTES,7,4
Z,Sistema/Framework,Z_WFLEMBRETES,7,2
Z,Sistema/Framework,Z_WFMENSAGENS,7,1
Z,Sistema/Framework,Z_WFMODELOINSTANCIAATIVIDADES,8,1
Z,Sistema/Framework,Z_WFMODELOINSTANCIAEXCECOES,3,1
Z,Sistema/Framework,Z_WFMODELOINSTANCIAS,21,4
Z,Sistema/Framework,Z_WFMODELOMACROS,3,1
Z,Sistema/Framework,Z_WFMODELOPAPEIS,2,0
Z,Sistema/Framework,Z_WFMODELOPAPELPARTICIPANTES,3,0
Z,Sistema/Framework,Z_WFMODELOS,9,1
Z,Sistema/Framework,Z_WFMODELOSUBMODELOS,4,1
Z,Sistema/Framework,Z_WFMODELOSUSPENDERGRUPOS,3,0
Z,Sistema/Framework,Z_WFMODELOTAREFAS,6,1
Z,Sistema/Framework,Z_WFPAPEIS,6,3
Z,Sistema/Framework,Z_WFPAPELUSUARIOS,6,3
Z,Sistema/Framework,Z_WFPROCESSOAUTORIZACOES,3,0
Z,Sistema/Framework,Z_WFPROCESSOMODELOS,9,2
Z,Sistema/Framework,Z_WFPROCESSOS,4,0
Z,Sistema/Framework,Z_WFSISTEMAEMPRESAFILIAIS,4,1
Z,Sistema/Framework,Z_WFSISTEMAEMPRESAS,3,1
Z,Sistema/Framework,Z_WFSISTEMAS,8,0
Z,Sistema/Framework,Z_WFTAREFAAUDITORIAS,5,1
Z,Sistema/Framework,Z_WFTAREFADELEGAR,2,0
Z,Sistema/Framework,Z_WFTAREFAITENS,9,2
Z,Sistema/Framework,Z_WFTAREFAPARTICIPANTES,9,7
Z,Sistema/Framework,Z_WFTAREFAS,21,5
Z,Sistema/Framework,Z_WFUSUARIOSUBSTITUTOS,5,0
Z,Sistema/Framework,Z_ZLOG,11,0
